Media Source,Date,Text,Compound score,Negative,Neutral,Positive,Tweets Ago
BBC,Tue Jul 31 20:02:08 +0000 2018,"The story of a young girl's choice between Oxford and the university of life...

#AnEducation | 10pm | @BBCFour |‚Ä¶ https://t.co/TCSjXsn02B",0.0,0.0,1.0,0.0,0
BBC,Tue Jul 31 19:01:03 +0000 2018,"Drama series telling the story of a dysfunctional family, set within a family-run beauty salon.

Age Before Beauty‚Ä¶ https://t.co/axP5dYrHMA",0.5859,0.0,0.808,0.192,1
BBC,Tue Jul 31 18:02:06 +0000 2018,How Australia's first gay imam is 'saving lives'. https://t.co/u2QmgRGHCM,0.0,0.0,1.0,0.0,2
BBC,Tue Jul 31 16:33:01 +0000 2018,"RT @bbcwritersroom: Writer Debbie Horsfield's new @BBCOne drama #AgeBeforeBeauty begins tonight (Tue 31 July) at 9pm. 

We caught up with D‚Ä¶",0.0,0.0,1.0,0.0,3
BBC,Tue Jul 31 16:01:02 +0000 2018,"The Old Bridge in Mostar is one of Bosnia-Herzegovina's most famous landmarks. 

But does it connect or divide the‚Ä¶ https://t.co/lycdJ43HRh",0.0,0.0,1.0,0.0,4
BBC,Tue Jul 31 15:19:43 +0000 2018,"RT @bbcmusic: ""Hopefully my little messages for train passengers will be a nice surprise and a reminder of the power of music as they go ab‚Ä¶",0.765,0.0,0.734,0.266,5
BBC,Tue Jul 31 14:02:05 +0000 2018,"Congratulations John! üéì A 95-year-old man has graduated from Oxford University, 76 years after he completed his deg‚Ä¶ https://t.co/Mjv2UU11be",0.636,0.0,0.792,0.208,6
BBC,Tue Jul 31 13:00:23 +0000 2018,"Have you ever spotted hidden messages in the Harry Potter films?
#HappyBirthdayHarryPotter https://t.co/LQa8z7fVRz",0.0,0.0,1.0,0.0,7
BBC,Tue Jul 31 11:41:04 +0000 2018,"RT @BBCEarth: In formation üôå

Let's celebrate all the men and women protecting our planet's wildlife üòç
#WorldRangerDay https://t.co/LFQw4w8‚Ä¶",0.5719,0.0,0.812,0.188,8
BBC,Tue Jul 31 11:38:00 +0000 2018,"Tunnelling work is almost set to begin on London's new super sewer.
But before it can start, some very important th‚Ä¶ https://t.co/MNGD6aJkbt",0.7178,0.0,0.769,0.231,9
BBC,Tue Jul 31 11:07:35 +0000 2018,"An Australian family has been startled awake after a kangaroo crashed its way through a window in their home.
üëâ‚Ä¶ https://t.co/5YbVtCndEt",-0.1779,0.086,0.914,0.0,10
BBC,Tue Jul 31 09:50:02 +0000 2018,"Watch Leading Lady Parts on @BBCiPlayer üëâ https://t.co/cUPHKLfMfy

#LeadingLadyParts",0.0,0.0,1.0,0.0,11
BBC,Tue Jul 31 08:02:04 +0000 2018,"Still without a home and unsure where to turn to next, the future is 'scary' for Kelly. https://t.co/PhwokveWSY",0.1877,0.0,0.902,0.098,12
BBC,Tue Jul 31 07:28:06 +0000 2018,"Legal permission will no longer be required to end care for patients in a long-term permanent vegetative state, the‚Ä¶ https://t.co/GU2A0uc0mO",0.3612,0.096,0.699,0.205,13
BBC,Tue Jul 31 07:00:08 +0000 2018,"'I've found random stuff like false teeth.' 

üåäüöØüëèThe diving group picking up litter in the North Sea. https://t.co/kI2MCEpguT",0.4215,0.0,0.808,0.192,14
BBC,Mon Jul 30 20:03:04 +0000 2018,"For anyone who doesn't care about Love Island... 

https://t.co/e7axx5lyFk",-0.7181,0.461,0.539,0.0,15
BBC,Mon Jul 30 18:01:04 +0000 2018,What makes you resilient? https://t.co/cZS96s7bv0,0.0,0.0,1.0,0.0,16
BBC,Mon Jul 30 17:03:05 +0000 2018,"‚òîÔ∏è It turns out it's not just gratitude that makes rain smell so appealing after a long period of dry weather.

The‚Ä¶ https://t.co/OwSHy0HKnT",-0.4023,0.114,0.886,0.0,17
BBC,Mon Jul 30 16:03:04 +0000 2018,"üê∂ Advertising toilet paper using puppies! How it all began... 
#InsideTheFactory https://t.co/gqYOv8YIq1",0.0,0.0,1.0,0.0,18
BBC,Mon Jul 30 14:03:08 +0000 2018,"üì∏ Photographs from around the world of Friday's #BloodMoon - the longest lunar eclipse of the 21st Century.
üëâ‚Ä¶ https://t.co/o8HGifFeRl",0.0,0.0,1.0,0.0,19
BBC,Mon Jul 30 13:04:01 +0000 2018,"A polar bear has been shot dead after it attacked a cruise ship guard on Norway's Svalbard archipelago, within the‚Ä¶ https://t.co/F3b9a4OlvV",-0.8074,0.3,0.7,0.0,20
BBC,Mon Jul 30 12:01:06 +0000 2018,üê™üöÅ When a sheepdog doesn't quite cut it... https://t.co/l5vk7oKBop,0.2572,0.0,0.775,0.225,21
BBC,Mon Jul 30 11:56:23 +0000 2018,"RT @BBCRadio4: BLOOPERS! 
@ProfBrianCox can't tell his hominins from his hominids. Or possibly the other way around.
Much more Monkey Cage‚Ä¶",0.0,0.0,1.0,0.0,22
BBC,Mon Jul 30 11:03:01 +0000 2018,"Why Americans will be able to 3D print their own guns from August.

https://t.co/8NR7qFaEZY",0.0,0.0,1.0,0.0,23
BBC,Mon Jul 30 09:00:15 +0000 2018,‚ù§Ô∏è The reaction when this little girl showed her school friends her new sports blade gives us all the feels.‚Ä¶ https://t.co/zp4vrauXes,0.4767,0.0,0.866,0.134,24
BBC,Mon Jul 30 08:13:57 +0000 2018,"Now this is an impressive line-up!

Gemma Arterton, Catherine Tate, @Gemma_Chan1, @emiliaclarke, @IAMLenaHeadey and‚Ä¶ https://t.co/D5rDJJ7dyC",0.5562,0.0,0.796,0.204,25
BBC,Mon Jul 30 07:27:06 +0000 2018,"üêà Our cats may purr when we pet them, but it‚Äôs a much more complicated form of communication than we've assumed.
üëâ‚Ä¶ https://t.co/vz6MdvigWx",0.0,0.0,1.0,0.0,26
BBC,Mon Jul 30 07:01:05 +0000 2018,"The pika might just be the world's cutest thief!
#AnimalsBehavingBadly https://t.co/v8dSKoVYgD",0.1759,0.206,0.546,0.248,27
BBC,Sun Jul 29 20:26:13 +0000 2018,RT @bbcarts: Tsundoku: The art of buying books and never reading them https://t.co/nzmym0Gtsh,0.0,0.0,1.0,0.0,28
BBC,Sun Jul 29 20:03:05 +0000 2018,Stacey Dooley meets a Roma girl who turned to prostitution after she was removed from her parents at 13. https://t.co/I7opQRZ6Z2,0.0,0.0,1.0,0.0,29
BBC,Sun Jul 29 19:02:05 +0000 2018,"üá∫üá∏ @edballs travels to America's Deep South to immerse himself in the lives of those who put Trump in power, and le‚Ä¶ https://t.co/2oLWounf1y",0.0,0.0,1.0,0.0,30
BBC,Sun Jul 29 17:29:30 +0000 2018,"RT @BBCSport: Geraint Thomas has done it! üëèüè¥Û†ÅßÛ†Å¢Û†Å∑Û†Å¨Û†Å≥Û†Åø

He's become the first ever Welshman to win the Tour de France üëâ https://t.co/ZtkRdPtGio‚Ä¶",0.6239,0.0,0.83,0.17,31
BBC,Sun Jul 29 17:03:03 +0000 2018,üòÇ A Scottish three year old's take on the summer holidays. https://t.co/SaCbnnlnUm,0.3818,0.0,0.776,0.224,32
BBC,Sun Jul 29 16:06:01 +0000 2018,"üòÄ‚ô•Ô∏è Four-year-old Daniel and 91-year-old Stuart, who has dementia, have struck up an unlikely friendship. https://t.co/DVpVhIssTc",0.2263,0.106,0.741,0.153,33
BBC,Sun Jul 29 15:03:02 +0000 2018,üòÇüì∫üá¶üá± Here‚Äôs what happened when @RomeshRanga went on Albanian TV. https://t.co/WQ8kMjSFco,0.0,0.0,1.0,0.0,34
BBC,Sun Jul 29 14:01:05 +0000 2018,Follow live coverage as 150 of the world's best cyclists compete on 200km of closed roads in London and Surrey. üö¥üö¥üö¥‚Ä¶ https://t.co/it0KrVzqqu,0.6369,0.0,0.833,0.167,35
BBC,Sun Jul 29 13:20:07 +0000 2018,"RT @BBCSportWales: It's a matter of hours until Geraint Thomas is crowned as the first Welshman to win the Tour de France

üëâ Here's how he‚Ä¶",0.5994,0.0,0.818,0.182,36
BBC,Sun Jul 29 13:18:07 +0000 2018,"RT @bbcgetinspired: Sam Maycock is fulfilling his dad Nigel's dream by taking on the 100-mile route in #RideLondon.

Nigel died in October‚Ä¶",-0.3818,0.141,0.781,0.078,37
BBC,Sun Jul 29 13:01:07 +0000 2018,This teenager was banned from performing in drag at his school's end-of-year talent show. https://t.co/Hi6uXtSAFz,-0.2732,0.249,0.609,0.142,38
BBC,Sun Jul 29 11:21:30 +0000 2018,"RT @BBCFood: Get the whole family making jaffa cakes this weekend üëá
https://t.co/8R0azXouDH https://t.co/xEC8aeQGs0",0.0,0.0,1.0,0.0,39
BBC,Sun Jul 29 11:01:05 +0000 2018,"What is #ThinPrivilege and who has it?
üëâ https://t.co/Ocbj6tAabk https://t.co/HMapWPvJt1",0.0,0.0,1.0,0.0,40
BBC,Sun Jul 29 10:12:02 +0000 2018,"Researchers have found evidence of an existing body of liquid water on Mars.
üëâ https://t.co/cmykUjdfxy https://t.co/d4FhfFj5Sr",0.0,0.0,1.0,0.0,41
BBC,Sun Jul 29 09:03:08 +0000 2018,"üòÇ With 37 Facebook likes and the world's most convoluted chant, the CNCSC is a force to be reckoned with.‚Ä¶ https://t.co/7wQhKjH26j",0.4215,0.0,0.865,0.135,42
BBC,Sun Jul 29 08:01:07 +0000 2018,"üò• An endangered red squirrel has died after becoming trapped inside a discarded plastic jar.
üëâ‚Ä¶ https://t.co/19IZCDeWBZ",-0.8555,0.439,0.561,0.0,43
BBC,Sun Jul 29 07:01:03 +0000 2018,"Two tiger brothers enjoy their first swimming lesson. üêØüí¶ #InternationalTigerDay

https://t.co/QNRnmqTcK5",0.4939,0.0,0.758,0.242,44
BBC,Sat Jul 28 20:45:06 +0000 2018,"Stand-up comedy from Stewart Lee, recorded live from the Palace Theatre, Southend-on-Sea. 

Stewart Lee Content Pro‚Ä¶ https://t.co/VCNnbkhi7J",0.3612,0.0,0.865,0.135,45
BBC,Sat Jul 28 20:29:40 +0000 2018,"RT @BBCOne: These seadragons are dancing together in a courtship ritual - and it's absolutely beautiful.

The complete series of Life is av‚Ä¶",0.6361,0.0,0.827,0.173,46
BBC,Sat Jul 28 20:02:03 +0000 2018,The shocking story of a young man who shot his parents. https://t.co/6O1qzsiKAk,-0.4019,0.213,0.787,0.0,47
BBC,Sat Jul 28 18:12:24 +0000 2018,RT @BBCTwo: Ever wondered how toilets are made? We're going #InsideTheFactory... üöΩüòÑ https://t.co/lgFuM6ER2p,0.0,0.0,1.0,0.0,48
BBC,Sat Jul 28 18:07:05 +0000 2018,üòÇ Genius https://t.co/nqWGYEEBy4,0.0,0.0,1.0,0.0,49
BBC,Sat Jul 28 17:03:00 +0000 2018,"'Doesn't matter what's written on the packet, wet wipes do not disintegrate.'
#TheFiveBillionPoundSuperSewer https://t.co/Ja9nBFnr6b",-0.0191,0.076,0.924,0.0,50
BBC,Sat Jul 28 16:03:06 +0000 2018,"Are you sure you don‚Äôt gender-stereotype children?
#NoMoreBoysAndGirls https://t.co/iThZ2P6REW",0.3182,0.0,0.777,0.223,51
BBC,Sat Jul 28 15:31:04 +0000 2018,"RT @bbcideas: Gin and tonic, the perfect pair. So, how did they come together? ü§î

More Edible Histories üé•: https://t.co/8nH3A1rqFP https://‚Ä¶",0.5719,0.0,0.837,0.163,52
BBC,Sat Jul 28 15:30:28 +0000 2018,"RT @BBCSport: Geraint Thomas just needs to roll over the line in Paris tomorrow to win the 2018 Tour de France.

He'll become the first Wel‚Ä¶",0.5859,0.0,0.868,0.132,53
BBC,Sat Jul 28 15:04:06 +0000 2018,"Branded and beaten: The children accused of witchcraft and murder.
üëâ https://t.co/0Lzx9wdLa1 https://t.co/Syvy5ca7QG",-0.8658,0.519,0.481,0.0,54
BBC,Sat Jul 28 14:06:01 +0000 2018,üêæ‚ù§Ô∏è Heaven really is a place on Earth... https://t.co/hCE7MqzF2P,0.5106,0.0,0.68,0.32,55
BBC,Sat Jul 28 13:02:06 +0000 2018,üìñü•™ A brief history of the humble sarnie. https://t.co/25GXnqIXZy,0.0,0.0,1.0,0.0,56
BBC,Sat Jul 28 12:02:40 +0000 2018,"RT @bbcgetinspired: ""You can rise again, it's not as though one thing happens to you and that's the end of your story."" 

After being hit b‚Ä¶",0.0,0.0,1.0,0.0,57
BBC,Sat Jul 28 12:02:08 +0000 2018,RT @BBCScienceNews: Climate change made heatwave 'twice as likely' https://t.co/FQqzyhbiK4,0.0,0.0,1.0,0.0,58
BBC,Sat Jul 28 11:03:04 +0000 2018,"üß† 'Damaging your brain might not kill you, but can change your behaviour.'

Five fascinating facts about the human‚Ä¶ https://t.co/XLoaV7C1uM",0.7157,0.085,0.633,0.282,59
BBC,Sat Jul 28 10:46:22 +0000 2018,"RT @BBCWorld: Simply stunning!

The longest #BloodMoon eclipse of the 21st Century as seen around the world

https://t.co/aHwGkVc3OP https:‚Ä¶",0.4389,0.0,0.862,0.138,60
BBC,Sat Jul 28 10:05:04 +0000 2018,Need to clean your headphone socket? Check out this #TechHack. https://t.co/RDtpHt03ZX,0.4019,0.0,0.787,0.213,61
BBC,Sat Jul 28 09:03:03 +0000 2018,"üìöüåç With classic and contemporary choices perfectly matched to destinations all over the world, here's your ultimate‚Ä¶ https://t.co/fsadf3W3rU",0.6369,0.0,0.802,0.198,62
BBC,Sat Jul 28 08:02:06 +0000 2018,üõå Namastay in bed! https://t.co/s2J2Uf4U99,0.0,0.0,1.0,0.0,63
BBC,Sat Jul 28 07:05:02 +0000 2018,üê∂ Hearing dogs can save a life. https://t.co/bTcvuvGYJt,0.4939,0.0,0.61,0.39,64
BBC,Fri Jul 27 18:01:08 +0000 2018,A pair of beavers are being released into the Forest of Dean with the hope they'll help prevent flooding in the are‚Ä¶ https://t.co/wD23PTQUPg,0.6908,0.0,0.739,0.261,65
BBC,Fri Jul 27 17:47:28 +0000 2018,RT @bbcpress: Stellar cast and creative team unveiled for @BBCOne adaptation of @PhilipPullman's #HisDarkMaterials: https://t.co/4Bm3OIaXCH‚Ä¶,0.4404,0.0,0.828,0.172,66
BBC,Fri Jul 27 17:02:03 +0000 2018,üéÖüéÑüòÇ Too soon? https://t.co/L368bWE3t5,0.0,0.0,1.0,0.0,67
BBC,Fri Jul 27 15:59:00 +0000 2018,When your boss is looking for you but it's after 5pm... üëã #FridayFeeling https://t.co/J3NZSVi7jj,0.0,0.0,1.0,0.0,68
BBC,Fri Jul 27 15:16:01 +0000 2018,"üëÄ Who's excited to see the #BloodMoon tonight? 
#LunarEclipse https://t.co/jhx3zLDOTS",0.34,0.0,0.769,0.231,69
BBC,Fri Jul 27 13:01:03 +0000 2018,"üëÉüíê How teenage perfumes smell to you - an actual adult.
üëâ https://t.co/PCRmoujpVJ https://t.co/P0tmdqfbUC",0.0,0.0,1.0,0.0,70
BBC,Fri Jul 27 12:50:53 +0000 2018,"RT @BBCEarth: Just a seal getting a good tummy-rub from a diver, no biggie üòç

#OurBluePlanet with @Sealdiver https://t.co/L8yAINvPdJ",0.1779,0.122,0.718,0.16,71
BBC,Fri Jul 27 12:24:44 +0000 2018,üò≥ This man wants people to stop pretending to have sex with his hedge. https://t.co/VbuY1xtbQ1,-0.2023,0.141,0.769,0.09,72
BBC,Fri Jul 27 12:14:56 +0000 2018,RT @BBCClick: The @BBCProms projection show at the Royal Albert Hall had lights so strong that planes were told not to fly over it! https:/‚Ä¶,0.674,0.0,0.841,0.159,73
BBC,Fri Jul 27 12:00:18 +0000 2018,‚õ∑üê∂ This is one way to keep dogs cool in the heat! https://t.co/ObXmR8febC,0.3802,0.0,0.822,0.178,74
BBC,Fri Jul 27 11:02:04 +0000 2018,"üî¨ From 'the God particle' to our ability to observe gravitational waves, here are 7 extraordinary things science ha‚Ä¶ https://t.co/j4tgSCx3vl",0.5267,0.0,0.784,0.216,75
BBC,Fri Jul 27 09:51:01 +0000 2018,"üëÄüåù Skywatchers will be treated to the longest ""blood moon"" eclipse of the century tonight, with the totality period‚Ä¶ https://t.co/w1Eoi6fA9R",0.0,0.0,1.0,0.0,76
BBC,Fri Jul 27 09:38:09 +0000 2018,RT @bbccomedy: British or American Stand-up? ü§îüá¨üáßüá∫üá∏ https://t.co/HBxD8YmCSZ,0.0,0.0,1.0,0.0,77
BBC,Fri Jul 27 08:00:16 +0000 2018,üòÇ A Scottish three year old's take on the summer holidays. https://t.co/SaCbnnlnUm,0.3818,0.0,0.776,0.224,78
BBC,Fri Jul 27 07:26:02 +0000 2018,‚ù§Ô∏èüìù A teenager who attached uplifting messages to a bridge to help people facing a mental health crisis has helped‚Ä¶ https://t.co/gGO3mXQkkd,-0.34,0.18,0.702,0.118,79
BBC,Fri Jul 27 07:01:03 +0000 2018,üíî @BoyGeorge discovers that in 1919 his grandmother was found wandering the streets alone as a 6 year old child.‚Ä¶ https://t.co/CmyXz2oGYr,-0.25,0.105,0.895,0.0,80
BBC,Thu Jul 26 19:02:05 +0000 2018,"After being abused on dating apps for having HIV, Joe has turned to art to help combat the stigma. 
(via @BBCThree) https://t.co/b6mar28jBl",-0.4588,0.208,0.693,0.099,81
BBC,Thu Jul 26 18:02:07 +0000 2018,"Tonight, a team of inventors attempt to change the lives of three inspiring people with very different problems. üí°‚Ä¶ https://t.co/L7yN0qkCNz",-0.046,0.131,0.746,0.123,82
BBC,Thu Jul 26 17:01:06 +0000 2018,A dog called Minnie has been reunited with her owners two years after thieves stole a truck she was sleeping in. üê∂‚Ä¶ https://t.co/CzeVkauFSx,-0.5106,0.142,0.858,0.0,83
BBC,Thu Jul 26 16:11:16 +0000 2018,"RT @bbcpress: Late for the first game of @BBCMOTD, missed the first dance on #Strictly or tuned in halfway through #EastEnders? Pushing the‚Ä¶",-0.296,0.091,0.909,0.0,84
BBC,Thu Jul 26 16:02:03 +0000 2018,"üòÄ‚ô•Ô∏è Four-year-old Daniel and 91-year-old Stuart, who has dementia, have struck up an unlikely friendship.  https://t.co/DVpVhIssTc",0.2263,0.106,0.741,0.153,85
BBC,Thu Jul 26 15:40:44 +0000 2018,RT @bbcweather: It is officially the hottest day of the year so far in the UK with temperatures soaring to 35C in west London. https://t.co‚Ä¶,0.0,0.0,1.0,0.0,86
BBC,Thu Jul 26 13:01:05 +0000 2018,"""I would like to do it all over again. There was a war on but otherwise it was absolutely wonderful."" ‚ù§Ô∏èÔ∏è

Remember‚Ä¶ https://t.co/1cSKgxW5gF",-0.1779,0.101,0.826,0.072,87
BBC,Thu Jul 26 12:02:06 +0000 2018,"üòÆ You don't want to get between two fighting kangaroos!
#LifeStory https://t.co/xX95kVkWJU",-0.4614,0.308,0.692,0.0,88
BBC,Thu Jul 26 11:00:16 +0000 2018,"A record number of primary school children are leaving school severely obese, according to new figures from Public‚Ä¶ https://t.co/nmc8w0pnGW",-0.4019,0.148,0.788,0.064,89
BBC,Thu Jul 26 08:45:35 +0000 2018,"RT @BBCEngland: The last living female pilot from World War Two, Mary Ellis, has died aged 101 at her home on the Isle of Wight https://t.c‚Ä¶",-0.8176,0.238,0.762,0.0,90
BBC,Thu Jul 26 08:00:00 +0000 2018,"This school is tackling their single-use plastic problem one lunchbox at a time.
#PlasticsAction https://t.co/dBJBC46C06",-0.4019,0.172,0.828,0.0,91
BBC,Thu Jul 26 07:28:06 +0000 2018,We call violence an ‚Äòepidemic‚Äô ‚Äì and there is reason to take that literally... treating it like an infectious disea‚Ä¶ https://t.co/871oH89IB6,-0.3818,0.167,0.732,0.102,92
BBC,Thu Jul 26 07:01:02 +0000 2018,"‚ô®Ô∏èüò¥ Having trouble sleeping in this heatwave?
#HeatwaveUK https://t.co/N8Nstm5gC7",-0.4019,0.252,0.748,0.0,93
BBC,Wed Jul 25 19:02:00 +0000 2018,"Colin Firth stars in an award-winning adaptation of Jane Austen's classic romance. üìöüòç

Pride and Prejudice |‚Ä¶ https://t.co/bgxyIt8i5g",0.4019,0.136,0.617,0.247,94
BBC,Wed Jul 25 18:02:05 +0000 2018,"From @rosskemp to @sirpatstew: these are the ultimate Extras celebrity cameos. üòÇ

https://t.co/MzLh704sPC",0.0,0.0,1.0,0.0,95
BBC,Wed Jul 25 16:02:05 +0000 2018,"Is this Africa‚Äôs most inventive neighbourhood? üí°üåøü•ë

https://t.co/xgeQCMM1XP",0.0,0.0,1.0,0.0,96
BBC,Wed Jul 25 14:37:40 +0000 2018,"Researchers have found evidence of an existing body of liquid water on Mars.
üëâ https://t.co/cmykUjdfxy https://t.co/F45qHNXcOR",0.0,0.0,1.0,0.0,97
BBC,Wed Jul 25 13:57:01 +0000 2018,RT @BBCWthrWatchers: On Friday night you may see the moon turn red during a total lunar eclipse. Lasting 1 hr 40 mins it will be the longes‚Ä¶,0.0,0.0,1.0,0.0,98
BBC,Wed Jul 25 13:02:05 +0000 2018,"üíâ A jab that protects against a virus that causes cervical cancer will be given to boys aged 12 to 13 in England.
üëâ‚Ä¶ https://t.co/joOj8vMupR",-0.4767,0.165,0.749,0.086,99
CBS,Tue Jul 31 21:02:33 +0000 2018,Celebrate #NationalAvocadoDay with @letsmakeadeal. ü•ë Relive this #LMAD moment when an avocado wins one amazing deal! https://t.co/QS8GLajWU5,0.9098,0.0,0.531,0.469,0
CBS,Sat Jul 28 16:43:56 +0000 2018,"Housewives. PTA moms. School volunteers. Starting TONIGHT, hear the stories of seemingly innocent women who put it‚Ä¶ https://t.co/5TA15OiTuh",0.34,0.0,0.876,0.124,1
CBS,Wed Jul 25 17:25:36 +0000 2018,"This is one allowance that can‚Äôt be beat! Kids are winning big this week on @PriceIsRight. üéâ
 https://t.co/lncKu9XvNo",0.5707,0.0,0.813,0.187,2
CBS,Wed Jul 25 15:12:31 +0000 2018,"Renowned artists Cher, Philip Glass, Reba McEntire, Wayne Shorter, and the co-creators of #Hamilton will be recogni‚Ä¶ https://t.co/PEjjI9MKE1",0.0,0.0,1.0,0.0,3
CBS,Wed Jul 25 01:05:03 +0000 2018,Who's excited for the return of @MurphyBrownCBS? Here's a behind-the-scenes look at the first table read of the sea‚Ä¶ https://t.co/1B5S4WJnCW,0.34,0.0,0.882,0.118,4
CBS,Tue Jul 24 18:54:14 +0000 2018,"Mark your calendars because you won‚Äôt want to miss this! Former Secretaries of State @HillaryClinton, @Madeleine, a‚Ä¶ https://t.co/JKDPp97OqN",-0.1511,0.099,0.834,0.068,5
CBS,Mon Jul 23 21:30:33 +0000 2018,The cast couldn‚Äôt be more excited to welcome @ansonmount into the @startrekcbs family! Who‚Äôs ready to see the iconi‚Ä¶ https://t.co/fOS4f4VCb2,0.8293,0.0,0.66,0.34,6
CBS,Sun Jul 22 01:56:13 +0000 2018,RT @startrekcbs: Stream the full panel &amp; learn all the exclusive details revealed about season 2 of #StarTrekDiscovery at @Comic_Con: https‚Ä¶,0.128,0.0,0.927,0.073,7
CBS,Sat Jul 21 00:55:28 +0000 2018,RT @MagnumPICBS: Couldn't make it to San Diego for the #MagnumPI panel? Here's everything you missed at #SDCC2018: https://t.co/Z7IBqF1YJ8‚Ä¶,-0.296,0.109,0.891,0.0,8
CBS,Sat Jul 21 00:19:12 +0000 2018,RT @bigbangtheory: The #BigBangTheory writers teased a honeymoon episode and more @YoungSheldon characters in Season 12 while speaking at #‚Ä¶,-0.296,0.109,0.891,0.0,9
CBS,Sat Jul 21 00:10:00 +0000 2018,"RT @TrueCrimeCBS: When you find out you‚Äôve been treated with chemo, but you don‚Äôt have cancer. #Whistleblower https://t.co/DAKwu1vcNX",-0.7964,0.264,0.736,0.0,10
CBS,Fri Jul 20 23:44:54 +0000 2018,George blew the whistle on a doctor targeting those who believed they had cancer. What was the outcome? Find out to‚Ä¶ https://t.co/rLlNzlK3Cy,-0.6597,0.18,0.82,0.0,11
CBS,Fri Jul 20 22:29:36 +0000 2018,"RT @startrekcbs: Discover the next adventure of Starfleet in this first look at the season 2 premiere, coming early 2019. Season 1 is now s‚Ä¶",0.3182,0.0,0.905,0.095,12
CBS,Fri Jul 20 21:39:09 +0000 2018,Take a trip down memory lane with the cast and crew of @MagnumPICBS at #SDCC2018! https://t.co/jHVxm7kyaT,0.0,0.0,1.0,0.0,13
CBS,Fri Jul 20 15:08:23 +0000 2018,"This @cbsallaccess series is unlike any fairy tale you've ever seen before. @paulwesley, @kevwilliamson &amp;‚Ä¶ https://t.co/icsSnPxKAr",0.0,0.0,1.0,0.0,14
CBS,Tue Jul 17 17:55:25 +0000 2018,ü§∞üë©‚Äçüëßüö´üç∏ #WorldEmojiDay,0.0,0.0,1.0,0.0,15
CBS,Tue Jul 17 17:22:29 +0000 2018,üë®üìù‚úîÔ∏è¬†#WorldEmojiDay,0.0,0.0,1.0,0.0,16
CBS,Tue Jul 17 17:22:29 +0000 2018,üë©‚Äçüíºüíºüá∫üá∏¬†#WorldEmojiDay,0.0,0.0,1.0,0.0,17
CBS,Tue Jul 17 17:22:29 +0000 2018,üïµÔ∏èüïµÔ∏è‚Äç‚ôÄÔ∏è¬†#WorldEmojiDay,0.0,0.0,1.0,0.0,18
CBS,Tue Jul 17 17:22:29 +0000 2018,‚öìÔ∏èü¶Öüá∫üá∏¬†#WorldEmojiDay,0.0,0.0,1.0,0.0,19
CBS,Tue Jul 17 17:22:29 +0000 2018,üèÑüå¥üöî¬†#WorldEmojiDay,0.0,0.0,1.0,0.0,20
CBS,Tue Jul 17 17:22:28 +0000 2018,üíôüëÆüçΩ¬†#WorldEmojiDay,0.0,0.0,1.0,0.0,21
CBS,Tue Jul 17 17:22:28 +0000 2018,üí£üìé¬†#WorldEmojiDay,0.0,0.0,1.0,0.0,22
CBS,Tue Jul 17 17:22:28 +0000 2018,üåé‚òÑÔ∏è¬†#WorldEmojiDay,0.0,0.0,1.0,0.0,23
CBS,Tue Jul 17 17:22:28 +0000 2018,üè∑üí∞üé∞¬†#WorldEmojiDay,0.0,0.0,1.0,0.0,24
CBS,Tue Jul 17 17:22:28 +0000 2018,üë∂üò¥üö´¬†#WorldEmojiDay,0.0,0.0,1.0,0.0,25
CBS,Tue Jul 17 17:22:28 +0000 2018,ü§ùüíºüí∞¬†#WorldEmojiDay,0.0,0.0,1.0,0.0,26
CBS,Tue Jul 17 17:22:27 +0000 2018,üíÑüë†üì∑¬†#WorldEmojiDay,0.0,0.0,1.0,0.0,27
CBS,Tue Jul 17 17:22:27 +0000 2018,üèùüî•üíµ¬†#WorldEmojiDay,0.0,0.0,1.0,0.0,28
CBS,Tue Jul 17 17:22:27 +0000 2018,üêÆ‚öñÔ∏è¬†#WorldEmojiDay,0.0,0.0,1.0,0.0,29
CBS,Tue Jul 17 17:22:27 +0000 2018,üè†üìπüìπüìπ¬†#WorldEmojiDay,0.0,0.0,1.0,0.0,30
CBS,Tue Jul 17 17:22:27 +0000 2018,üë∂üí•üåéüî¨¬†#WorldEmojiDay,0.0,0.0,1.0,0.0,31
CBS,Tue Jul 17 17:22:26 +0000 2018,üí•üåéüî¨¬†#WorldEmojiDay,0.0,0.0,1.0,0.0,32
CBS,Tue Jul 17 17:22:26 +0000 2018,Celebrate #WorldEmojiDay with a fun game! Use the emoji sequences below to guess the CBS show. üëá Tweet your respons‚Ä¶ https://t.co/LCqvuVtkXK,0.807,0.0,0.7,0.3,33
CBS,Fri Jul 13 21:35:01 +0000 2018,"Stand up. Speak up. Blow the whistle. 

Don't miss the premiere of the @TrueCrimeCBS series #Whistleblower tonight‚Ä¶ https://t.co/uNhx4Codc2",0.1139,0.0,0.922,0.078,34
CBS,Fri Jul 13 21:15:41 +0000 2018,"RT @TheNeighborhood: There's a new family on the block, and they're about to turn this neighborhood upside down. @CedEntertainer and @Tichi‚Ä¶",-0.4404,0.132,0.868,0.0,35
CBS,Fri Jul 13 17:49:38 +0000 2018,Take a walk down @YandR_CBS memory lane with stars @JessWaltonYR and Peter Bergman! You can watch full episodes of‚Ä¶ https://t.co/MZEUfiJJyb,0.0,0.0,1.0,0.0,36
CBS,Thu Jul 12 01:01:24 +0000 2018,RT @TKOCBS: Prepare to have some major FUN. #TKO starts NOW! https://t.co/i2ftL6GCj5,0.6514,0.0,0.718,0.282,37
CBS,Wed Jul 11 21:44:45 +0000 2018,"It‚Äôs fun, different, unique, and finally here! @TKOCBS hosted by @KevinHart4real premieres at 9/8c on CBS and‚Ä¶ https://t.co/MCeVLVK85i",0.5562,0.0,0.826,0.174,38
CBS,Wed Jul 11 19:09:34 +0000 2018,"RT @MagnumPICBS: Talk about hands-on research! #MagnumPI's cast had the honor of joining the US Navy Submarine Force, US Pacific Fleet #Sub‚Ä¶",0.5411,0.0,0.857,0.143,39
CBS,Mon Jul 09 23:55:07 +0000 2018,Time to mark your calendars! CBS' fall 2018 premiere lineup has been announced: https://t.co/yYv3H9aEO7 https://t.co/lRxAA7suie,0.0,0.0,1.0,0.0,40
CBS,Mon Jul 09 18:53:34 +0000 2018,"RT @TKOCBS: The Ball Buster, the Frisboom, the Spike Launcher, and the Slammer‚Ä¶ Get to know all of the #TKO Battle Stations: https://t.co/2‚Ä¶",-0.3818,0.106,0.894,0.0,41
CBS,Mon Jul 09 18:09:00 +0000 2018,"RT @cbsallaccess: How much does it cost to bury the truth? #OneDollar premieres August 30, exclusively on CBS All Access. https://t.co/2HdY‚Ä¶",0.3182,0.0,0.897,0.103,42
CBS,Fri Jul 06 22:22:55 +0000 2018,"RT @SalvationCBS: Mark your calendars, #Salvies: Monday's new #SalvationCBS will air at a special time, 10/9c. https://t.co/RUh1J7cfj8",0.4019,0.0,0.847,0.153,43
CBS,Fri Jul 06 18:26:37 +0000 2018,Happy #InternationalKissingDay! See which stars we caught locking lips on the CBS Kiss Cam. üòò https://t.co/oMPCHZlgCl,0.7777,0.0,0.657,0.343,44
CBS,Thu Jul 05 21:12:17 +0000 2018,Have you heard? Tonight's the first Live Show of #BB20. Grab a seat and get ready to watch the action unfold on CBS‚Ä¶ https://t.co/0YgRV1HLGd,0.3612,0.0,0.898,0.102,45
CBS,Mon Jul 02 21:13:11 +0000 2018,"How much does it cost to bury the truth? #OneDollar premieres Thursday, August 30, exclusively on CBS All Access.‚Ä¶ https://t.co/1tab8eCaFz",0.3182,0.0,0.892,0.108,46
CBS,Mon Jul 02 20:47:32 +0000 2018,Take a first look at our @Comic_Con lineup along with details of what you can expect to see:‚Ä¶ https://t.co/JqBtlKcwq3,0.0,0.0,1.0,0.0,47
CBS,Mon Jul 02 17:27:06 +0000 2018,RT @TrueCrimeCBS: Two new true-crime series are set to premiere this July on CBS! Learn more about #Whistleblower and #PinkCollarCrimes bef‚Ä¶,0.0,0.0,1.0,0.0,48
CBS,Mon Jul 02 17:00:02 +0000 2018,"If at first you don‚Äôt succeed on @PriceIsRight‚Ä¶bid, bid again! https://t.co/OWBaOsFZ3i",0.5411,0.0,0.741,0.259,49
CBS,Wed Jun 27 20:31:32 +0000 2018,What‚Äôs summer without @CBSBigBrother? ‚òÄÔ∏è RT if you‚Äôre counting down the hours to the #BB20 premiere TONIGHT at 8/7c‚Ä¶ https://t.co/Xp1s4Fp5J8,0.0,0.0,1.0,0.0,50
CBS,Wed Jun 27 14:00:01 +0000 2018,"It looks like you...

(‚Ä¢_‚Ä¢)
( ‚Ä¢_‚Ä¢)&gt;‚åê‚ñ†-‚ñ†
(‚åê‚ñ†_‚ñ†)

Have a lot of TV to watch!

Celebrate #NationalSunglassesDay with H‚Ä¶ https://t.co/Babt4ajIgV",0.7574,0.0,0.711,0.289,51
CBS,Mon Jun 25 18:20:25 +0000 2018,The world will finally know the truth. ‚òÑÔ∏è Make sure to tune in to the heart-pounding Season 2 premiere of‚Ä¶ https://t.co/mqMleW90DY,0.5574,0.0,0.796,0.204,52
CBS,Fri Jun 22 21:19:06 +0000 2018,Tonight's the night! Don't miss model @ashleygraham on the season finale of Celebrity @undercover_cbs at 8/7c. https://t.co/iBxAOcOF7a,0.1867,0.0,0.902,0.098,53
CBS,Fri Jun 22 18:33:53 +0000 2018,"Every day is #TakeYourDogToWorkDay for shows like @HawaiiFive0CBS, @MomCBS, @SEALTeamCBS, and @bigbangtheory! https://t.co/DJaOt1VQcw",0.4199,0.0,0.811,0.189,54
CBS,Thu Jun 21 23:29:50 +0000 2018,"Lights, camera, selfie! üì∏¬†Could there be a better photo for #NationalSelfieDay? https://t.co/14Ewx64yKC",0.4926,0.0,0.758,0.242,55
CBS,Wed Jun 20 00:39:01 +0000 2018,There‚Äôs nothing quite like watching a contestant win a brand new car on @PriceIsRight. üëè  https://t.co/aKlFikYAMM,0.3555,0.136,0.642,0.222,56
CBS,Mon Jun 18 20:27:50 +0000 2018,Time to make your predictions for #BB20! üëè Get to know the @CBSBigBrother Houseguests before the big premiere next‚Ä¶ https://t.co/jlpIchJ9sk,0.0,0.0,1.0,0.0,57
CBS,Mon Jun 18 15:00:46 +0000 2018,RT @CBSBigBrother: Meet the cast of #BB20... before anyone else! Start streaming all their live interviews beginning at 11am EST/8am PST on‚Ä¶,0.0,0.0,1.0,0.0,58
CBS,Sun Jun 17 13:00:01 +0000 2018,"Today and every day we celebrate their love, guidance, and support. Happy #FathersDay to every kind of dad! https://t.co/Wffax1khBH",0.9392,0.0,0.507,0.493,59
CBS,Fri Jun 15 18:48:29 +0000 2018,"Casting Alert! @paulwesley, @DaniaJRamirez &amp; @JamesWolk are set to star in the upcoming CBS All Access psychologica‚Ä¶ https://t.co/JnZMrzT92n",0.3595,0.0,0.872,0.128,60
CBS,Thu Jun 14 17:30:00 +0000 2018,"In case you missed it, watch the entire #TonyAwards now: https://t.co/Bm0yNV3Ff3 https://t.co/h3YnFkmSQJ",-0.296,0.167,0.833,0.0,61
CBS,Thu Jun 14 16:19:32 +0000 2018,RT @StrangeAngel: Mastermind or maniac? Explore the brilliant mind of Jack Parsons in #StrangeAngel. Now streaming on CBS All Access: https‚Ä¶,0.1779,0.12,0.734,0.147,62
CBS,Tue Jun 12 00:19:23 +0000 2018,"No pain, no gain, ALL Hart! Just one month until the premiere of @TKOCBS hosted by @KevinHart4real. https://t.co/C1yMCglxVn",-0.5562,0.315,0.551,0.134,63
CBS,Mon Jun 11 22:23:06 +0000 2018,"RT @TheNeighborhood: Welcome to #TheNeighborhood, @BethBehrs! The @2BrokeGirls star returns to @CBS in a new sitcom alongside @CedEntertain‚Ä¶",0.5093,0.0,0.829,0.171,64
CBS,Mon Jun 11 19:01:38 +0000 2018,"In case you missed it, watch the entire #TonyAwards now: https://t.co/Bm0yNV3Ff3 https://t.co/3GA5otlcPa",-0.296,0.167,0.833,0.0,65
CBS,Mon Jun 11 14:00:37 +0000 2018,How do you know @SaraBareilles and @joshgroban's music? #TonyAwards https://t.co/POMXBORfUT,0.0,0.0,1.0,0.0,66
CBS,Mon Jun 11 06:19:36 +0000 2018,Here are all the performances from the 2018 #TonyAwards: https://t.co/gN4ItpFlRd https://t.co/fSMNBXKC9r,0.0,0.0,1.0,0.0,67
CBS,Mon Jun 11 06:04:41 +0000 2018,See the complete list of winners from the 2018 #TonyAwards: https://t.co/9XK6CGeber https://t.co/HkUIN4Quej,0.4767,0.0,0.78,0.22,68
CBS,Mon Jun 11 03:10:33 +0000 2018,An end to a magical evening. The Band's Visit wins for Best Musical! #TonyAwards https://t.co/ODza97n8YH,0.8478,0.0,0.594,0.406,69
CBS,Mon Jun 11 03:02:06 +0000 2018,Congratulations are in order for @TheKatrinaLenk! She just won for Best Leading Actress in a Musical. #TonyAwards https://t.co/t9bNvpiEmH,0.92,0.0,0.537,0.463,70
CBS,Mon Jun 11 02:58:30 +0000 2018,"RT @CBSThisMorning: Hmm... something seems off here @SaraBareilles @JoshGroban. üòÇ

@WaitressMusical @GreatCometBway #TonyAwards https://t.c‚Ä¶",0.0,0.0,1.0,0.0,71
CBS,Mon Jun 11 02:56:40 +0000 2018,RT @_stobin13: watching the #TonyAwards after going to 3 broadway shows this weekend makes it even better üòçü§©,0.4404,0.0,0.847,0.153,72
CBS,Mon Jun 11 02:56:10 +0000 2018,Tony Shalhoub wins Best Leading Actor in a Musical. #TonyAwards   #TheBandsVisit https://t.co/KcUDSicKI5,0.836,0.0,0.533,0.467,73
CBS,Mon Jun 11 02:53:00 +0000 2018,The Boss looks right at home on the #TonyAwards stage! https://t.co/pwjv4iydkn,0.0,0.0,1.0,0.0,74
CBS,Mon Jun 11 02:47:29 +0000 2018,RT @Aatamianphoto: Springsteen is on the #TonyAwards and I love it.,0.6369,0.0,0.682,0.318,75
CBS,Mon Jun 11 02:44:50 +0000 2018,Inspiration: Get to your YES! #OnceOnThisIsland #TonyAwards https://t.co/Wjp0QIWfXq,0.7978,0.0,0.457,0.543,76
CBS,Mon Jun 11 02:44:37 +0000 2018,The feeling when you win a Tony. üôå¬†Congratulations to Once on This Island for winning Best Revival of a Musical!‚Ä¶ https://t.co/UpFCqgBTwh,0.9523,0.0,0.45,0.55,77
CBS,Mon Jun 11 02:33:09 +0000 2018,What a beautiful performance by the cast of #TheBandsVisit. #TonyAwards https://t.co/4Hw96kZvrf,0.5994,0.0,0.698,0.302,78
CBS,Mon Jun 11 02:29:18 +0000 2018,"""I'm a living example of how theatre can change you - and it didn't just change me, it saved me."" @JohnLeguizamo at‚Ä¶ https://t.co/4ICwMhb6hv",0.4215,0.0,0.877,0.123,79
CBS,Mon Jun 11 02:23:56 +0000 2018,Angels in America takes the win for Best Revival of a Play! #TonyAwards https://t.co/zodW61tw8a,0.8932,0.0,0.483,0.517,80
CBS,Mon Jun 11 02:21:03 +0000 2018,"RT @leahableson: The Once On This Island Goat And Chicken made it to the broadcast, Mama WILL provide #TonyAwards",0.0,0.0,1.0,0.0,81
CBS,Mon Jun 11 02:16:06 +0000 2018,That performance was the GOAT. #TonyAwards https://t.co/mtoU92HipQ,0.0,0.0,1.0,0.0,82
CBS,Mon Jun 11 02:11:03 +0000 2018,Harry Potter and the Cursed Child wins Best Play at the #TonyAwards! @HPPlayNYC https://t.co/WIqJQmtAlN,0.8908,0.0,0.509,0.491,83
CBS,Mon Jun 11 02:05:47 +0000 2018,üé∂ ‚ÄúLet's dance this last dance tonight.‚Äù üé∂ #TonyAwards #DonnaSummerMusical https://t.co/UAIaglChfv,0.0,0.0,1.0,0.0,84
CBS,Mon Jun 11 02:03:31 +0000 2018,Hope he brought enough birthday cake for everyone! #TonyAwards https://t.co/FlLbKV6oj8,0.4926,0.0,0.738,0.262,85
CBS,Mon Jun 11 01:58:48 +0000 2018,@writerlindsayb You're welcome! #TonyAwards,0.5093,0.0,0.477,0.523,86
CBS,Mon Jun 11 01:53:17 +0000 2018,RT @hjmayer8: I sure do love @DearEvanHansen üíô #TonyAwards,0.7579,0.0,0.435,0.565,87
CBS,Mon Jun 11 01:51:16 +0000 2018,"RT @Valerie4815: What a birthday present, the Tony audience singing happy birthday to you!! #TonyAwards",0.6467,0.0,0.752,0.248,88
CBS,Mon Jun 11 01:38:23 +0000 2018,If only this performance could go on forever. #TonyAwards @FrozenBroadway https://t.co/p2BMUvyTxr,0.0,0.0,1.0,0.0,89
CBS,Mon Jun 11 01:37:36 +0000 2018,RT @anna_villanueva: Magnificent performance from the cast of @FrozenBroadway! #TonyAwards2018 #TonyAwards #Tonys,0.636,0.0,0.724,0.276,90
CBS,Mon Jun 11 01:30:56 +0000 2018,Glenda Jackson wins Best Leading Actress in a Play. #TonyAwards @threetallwomen https://t.co/GRp1gcBuiW,0.8834,0.0,0.437,0.563,91
CBS,Mon Jun 11 01:29:21 +0000 2018,.@SaraBareilles is totally a Gryffindor. #TonyAwards https://t.co/OPQ7esk2dn,0.0,0.0,1.0,0.0,92
CBS,Mon Jun 11 01:26:03 +0000 2018,RT @IzzyNY202: How impressive are these Marjory Stoneman Douglas students? That #TonyAwards performance reduced me to tears. Amazing.,0.7351,0.079,0.625,0.296,93
CBS,Mon Jun 11 01:25:59 +0000 2018,RT @KatLargent: MAGIC #TonyAwards,0.0,0.0,1.0,0.0,94
CBS,Mon Jun 11 01:24:46 +0000 2018,Such a touching moment at the #TonyAwards. ‚ù§Ô∏è https://t.co/4kJWTHVPZ8,0.0,0.0,1.0,0.0,95
CBS,Mon Jun 11 01:24:12 +0000 2018,.@Matt_Morrison welcomes the Marjory Stoneman Douglas High School theatre department to the stage. #TonyAwards https://t.co/5dxa9smeka,0.4019,0.0,0.838,0.162,96
CBS,Mon Jun 11 01:19:59 +0000 2018,So many feels at the #TonyAwards. Congratulations to @arielstachel for winning Best Featured Actor in a Musical!‚Ä¶ https://t.co/m1aRNIHPRK,0.9151,0.0,0.543,0.457,97
CBS,Mon Jun 11 01:12:31 +0000 2018,RT @McBenefit: I love everything about you @UzoAduba. #TonyAwards,0.6369,0.0,0.625,0.375,98
CBS,Mon Jun 11 01:08:28 +0000 2018,RT if that musical number by the cast of Carousel blew you away! #TonyAwards https://t.co/CMzMNtcAQO,0.1511,0.0,0.898,0.102,99
CNN,Wed Aug 01 02:30:00 +0000 2018,Texans can now hitch a ride in this self-driving car as part of a pilot ride-sharing program https://t.co/dt3rPGumBX https://t.co/5UdKqPNGMl,0.0,0.0,1.0,0.0,0
CNN,Wed Aug 01 02:16:00 +0000 2018,Blumenthal on hearing testimony about child separations: One career official said it was the result of a deliberate‚Ä¶ https://t.co/XNA8OWZxgj,0.0,0.0,1.0,0.0,1
CNN,Wed Aug 01 02:01:08 +0000 2018,"""There is an unexplainable amount of grief in our city, but also an unexplainable amount of love."" In the midst of‚Ä¶ https://t.co/S4RbQJqQnJ",-0.2732,0.091,0.909,0.0,2
CNN,Wed Aug 01 01:51:56 +0000 2018,"Dwayne ""The Rock"" Johnson surprised his cousin and longtime stunt double, Tanaoi Reed, with a gift that brought him‚Ä¶ https://t.co/H0v3mpXlaF",0.5859,0.0,0.78,0.22,3
CNN,Wed Aug 01 01:42:17 +0000 2018,"Move over Macron, there's a new bromance at the White House | By Nic Robertson via @CNNOpinion‚Ä¶ https://t.co/7DeM6HJtsh",0.0,0.0,1.0,0.0,4
CNN,Wed Aug 01 01:39:29 +0000 2018,"RT @CuomoPrimeTime: ""While I'm not using the specific word, 'collusion.' I will remind you, what the whole Mueller investigation is about i‚Ä¶",0.0,0.0,1.0,0.0,5
CNN,Wed Aug 01 01:36:45 +0000 2018,The Trump Tower meeting: A timeline https://t.co/eb7w6RWAXR https://t.co/sIbEtLDz2k,0.0,0.0,1.0,0.0,6
CNN,Wed Aug 01 01:29:55 +0000 2018,"A child's brain repaired itself after a full third of the right hemisphere was surgically removed, rewiring itself‚Ä¶ https://t.co/dzNiE8u66k",0.0,0.0,1.0,0.0,7
CNN,Wed Aug 01 01:25:58 +0000 2018,Trump isn't everything in the midterms. Local factors will matter too | Analysis by CNN's Harry Enten‚Ä¶ https://t.co/g9lWZqu5so,0.0258,0.0,0.936,0.064,8
CNN,Wed Aug 01 01:17:37 +0000 2018,Here are key takeaways from day one of the Paul Manafort trial https://t.co/n0inEPvxnH https://t.co/pm600uuGfi,0.0,0.0,1.0,0.0,9
CNN,Wed Aug 01 01:16:52 +0000 2018,"RT @AC360: ""Trump is a brilliant entertainer ... by allowing ourselves to be constantly entertained, we lose sight of fundamental ethics, v‚Ä¶",0.7506,0.094,0.59,0.316,10
CNN,Wed Aug 01 01:14:38 +0000 2018,When Sen. Richard Blumenthal asked several Trump administration officials whether they thought the ‚Äúzero tolerance‚Äù‚Ä¶ https://t.co/50wFS1nasU,0.0,0.0,1.0,0.0,11
CNN,Wed Aug 01 01:04:57 +0000 2018,"RT @AC360: ""If anyone posts this information online, they are in violation of federal law"" - Attorney General Bob Ferguson, who sued the Tr‚Ä¶",-0.4939,0.127,0.873,0.0,12
CNN,Wed Aug 01 01:03:41 +0000 2018,"The Trump administration plans to raise pending tariffs on $200 billion in Chinese goods to 25% from 10%, a source‚Ä¶ https://t.co/iLLOium53G",0.0,0.0,1.0,0.0,13
CNN,Wed Aug 01 00:53:55 +0000 2018,"RT @AC360: They ""weren't particularly close ... these were not two men who could grab dinner, would grab lunches."" - Fmr. Trump strategist‚Ä¶",0.0,0.0,1.0,0.0,14
CNN,Wed Aug 01 00:53:28 +0000 2018,"President Trump says American farmers getting hit by tariffs ""can take it,"" speaking to a crowd at a Florida rally‚Ä¶ https://t.co/SO418uYC3R",0.0,0.0,1.0,0.0,15
CNN,Wed Aug 01 00:41:03 +0000 2018,"President Trump, telling his supporters why he wanted Americans to be required to show identification before castin‚Ä¶ https://t.co/5e90v248vj",0.4404,0.0,0.854,0.146,16
CNN,Wed Aug 01 00:22:50 +0000 2018,"President Donald Trump riffed on acting presidential and Abe Lincoln during a campaign rally in Tampa, Florida‚Ä¶ https://t.co/TZVX5OKf2y",0.0,0.0,1.0,0.0,17
CNN,Tue Jul 31 23:57:35 +0000 2018,"President Trump says American farmers getting hit by tariffs ""can take it,"" speaking to a crowd at a Florida rally‚Ä¶ https://t.co/zszzQGTahK",0.0,0.0,1.0,0.0,18
CNN,Tue Jul 31 23:43:07 +0000 2018,The founder of a website containing plans for 3D-printable guns says downloads are disabled until he sees a federal‚Ä¶ https://t.co/dsd2L0AJWN,0.0,0.0,1.0,0.0,19
CNN,Tue Jul 31 23:37:40 +0000 2018,"RT @OutFrontCNN: ""Even if he cooperated with authorities he was still looking at a very substantial amount of time...at his age, he may hav‚Ä¶",0.2716,0.0,0.913,0.087,20
CNN,Tue Jul 31 23:35:18 +0000 2018,BREAKING: A federal judge just issued a temporary restraining order blocking the government from allowing the distr‚Ä¶ https://t.co/3P5bJY54kM,-0.3818,0.148,0.852,0.0,21
CNN,Tue Jul 31 23:31:06 +0000 2018,"Why men get the ""glamour work"" assignments more than women https://t.co/usAlbJlz8A https://t.co/YyDAp8tmk5",0.5267,0.0,0.764,0.236,22
CNN,Tue Jul 31 23:14:01 +0000 2018,"President Trump holds a ""Make America Great Again"" rally in Tampa, Florida. Watch live: https://t.co/YsWrL0CzbD

Fo‚Ä¶ https://t.co/Ird84SvDoB",0.6249,0.0,0.785,0.215,23
CNN,Tue Jul 31 23:11:05 +0000 2018,North Korea provided only a single dog tag to help identify the 55 cases of remains that were given to US officials‚Ä¶ https://t.co/YpWBFVQDEc,0.4019,0.0,0.886,0.114,24
CNN,Tue Jul 31 23:01:05 +0000 2018,The secret Donald Trump and Rudy Giuliani know about the Russia probe | Analysis by @CillizzaCNN‚Ä¶ https://t.co/8Xv3BAsl9w,0.0,0.0,1.0,0.0,25
CNN,Tue Jul 31 22:52:16 +0000 2018,"This new book about Ferrari will cost up to $30,000 and be limited to only 1,947 copies -- celebrating Ferrari's fo‚Ä¶ https://t.co/iB9b2eno8M",0.4215,0.074,0.781,0.145,26
CNN,Tue Jul 31 22:49:22 +0000 2018,RT @CNNSitRoom: Blumenthal on hearing testimony about the child separations: One career official said that it was the result of a deliberat‚Ä¶,0.0,0.0,1.0,0.0,27
CNN,Tue Jul 31 22:48:26 +0000 2018,"After months of turmoil and speculation, MoviePass appears to be on its last legs. 

So what's next for the service‚Ä¶ https://t.co/UnqOqxQbFL",-0.3612,0.111,0.889,0.0,28
CNN,Tue Jul 31 22:45:14 +0000 2018,"There are no deaths from the Aeromexico plane accident, the governor of the state of Durango says. There were 101 p‚Ä¶ https://t.co/QiqGHEAAoH",-0.6486,0.209,0.791,0.0,29
CNN,Tue Jul 31 22:42:19 +0000 2018,"In private, Supreme Court nominee Brett Kavanaugh hints at views on Mueller https://t.co/28zxPh7Kqm https://t.co/5GFm4SoE4I",0.5574,0.0,0.783,0.217,30
CNN,Tue Jul 31 22:35:57 +0000 2018,Parkland shooting survivor @davidhogg111 joins @andersoncooper on #fullcircle tonight to talk 3D guns. Join us on F‚Ä¶ https://t.co/6dac8fQwQt,0.5719,0.0,0.773,0.227,31
CNN,Tue Jul 31 22:33:07 +0000 2018,"LIVE NOW: Anderson Cooper Full Circle, a daily interactive news show airing on Facebook Watch‚Ä¶ https://t.co/jyWyPniMHR",0.0,0.0,1.0,0.0,32
CNN,Tue Jul 31 22:28:34 +0000 2018,EXCLUSIVE: Special counsel Robert Mueller refers foreign agent inquiries to New York prosecutors‚Ä¶ https://t.co/pIYWo36OkS,0.6037,0.0,0.709,0.291,33
CNN,Tue Jul 31 22:26:55 +0000 2018,"RT @CNNSitRoom: ‚ÄúThere is mounting evidence that Donald Trump Jr. misled, or even more likely, perjured himself before our committee,‚Äù Sen.‚Ä¶",0.0,0.0,1.0,0.0,34
CNN,Tue Jul 31 22:26:04 +0000 2018,Apple earnings beat expectations. The company‚Äôs profit jumped 32% to $11.5 billion despite essentially selling the‚Ä¶ https://t.co/D1cpzhcFOj,0.4404,0.0,0.847,0.153,35
CNN,Tue Jul 31 22:13:34 +0000 2018,"RT @CNNSitRoom: Democratic Sen. Chris Van Hollen says he does not believe the US government ""is doing enough"" to counter Russian interferen‚Ä¶",0.0,0.0,1.0,0.0,36
CNN,Tue Jul 31 22:09:47 +0000 2018,"BREAKING: Mexican official calls for emergency response as Aeromexico reports plane accident in Durango, more than‚Ä¶ https://t.co/znBVhbIC3V",-0.6908,0.275,0.725,0.0,37
CNN,Tue Jul 31 21:53:04 +0000 2018,Car manufacturers seek tech solutions to hot car deaths https://t.co/ofjRGqAWLw https://t.co/v8YIQ1jB9Z,0.1779,0.0,0.855,0.145,38
CNN,Tue Jul 31 21:43:04 +0000 2018,"For these victims of ISIS, the conflict isn't over | By Gayle Tzemach Lemmon via @CNNOpinion https://t.co/TbVtmxNsa5 https://t.co/3hQFPXWBAW",-0.5574,0.235,0.765,0.0,39
CNN,Tue Jul 31 21:39:06 +0000 2018,"RT @CNNSitRoom: Facebook says it has removed a network of accounts and pages involved in what it called ""coordinated inauthentic behavior""‚Ä¶",0.0,0.0,1.0,0.0,40
CNN,Tue Jul 31 21:38:48 +0000 2018,"Wearing rubber boots and a red dress, 2-year-old Gracie Lutz thanked her local responders by delivering warm burrit‚Ä¶ https://t.co/ijGvQdq47f",0.5859,0.0,0.769,0.231,41
CNN,Tue Jul 31 21:32:18 +0000 2018,"As she picks up the pieces of her life, a Carr Fire victim begins with the most basic of items: a pencil‚Ä¶ https://t.co/AHIkUs5Ys7",-0.5423,0.191,0.809,0.0,42
CNN,Tue Jul 31 21:23:45 +0000 2018,RT @CNNPolitics: The first witness takes the stand in the Paul Manafort trial https://t.co/7t0AikXjfB https://t.co/VSYzLFfN7a,0.0,0.0,1.0,0.0,43
CNN,Tue Jul 31 21:16:32 +0000 2018,Democrats' hopes of winning in the South hinge on the suburbs | Analysis by CNN's Ronald Brownstein‚Ä¶ https://t.co/z8cfVAaxFW,0.7351,0.0,0.708,0.292,44
CNN,Tue Jul 31 21:05:41 +0000 2018,"RT @CNNTonight: LeBron James (@KingJames): The fatal shooting of 17-year-old Trayvon Martin ""hit a switch for me. From that point on, I kne‚Ä¶",-0.5423,0.149,0.851,0.0,45
CNN,Tue Jul 31 21:03:43 +0000 2018,"Apple says it posted $11.5 billion profit for the three months ending in June, up 32% from the same period a year a‚Ä¶ https://t.co/eoiZixWKsI",0.4404,0.0,0.884,0.116,46
CNN,Tue Jul 31 21:01:50 +0000 2018,"RT @TheLeadCNN: Facebook says it has removed a network of accounts and pages involved in what it called ""coordinated inauthentic behavior""‚Ä¶",0.0,0.0,1.0,0.0,47
CNN,Tue Jul 31 21:01:08 +0000 2018,"A top immigration official said family detention centers are ""more like summer camp"" than a jail during a congressi‚Ä¶ https://t.co/HeuipDfnZp",0.2716,0.119,0.664,0.218,48
CNN,Tue Jul 31 20:54:24 +0000 2018,One of Australia's largest hotel chains has been fined $2.2 million for trying to prevent negative TripAdvisor revi‚Ä¶ https://t.co/NM1lrxBPka,-0.5574,0.17,0.78,0.05,49
CNN,Tue Jul 31 20:52:22 +0000 2018,"This mother's terrifying journey should be over, but it's not | By Clara Long via @CNNOpinion https://t.co/uKPH2TmO5a",-0.3291,0.135,0.865,0.0,50
CNN,Tue Jul 31 20:45:49 +0000 2018,The NBA becomes the first American pro league to strike a deal with a casino and sports book operator‚Ä¶ https://t.co/3tzfSSZZXT,-0.128,0.081,0.919,0.0,51
CNN,Tue Jul 31 20:45:03 +0000 2018,"RT @CNNMoney: Dow gains 108 points, capping best month since January. The index jumped 4.7% in July, while the S&amp;P 500 advanced 3.6%. Chipo‚Ä¶",0.8225,0.0,0.709,0.291,52
CNN,Tue Jul 31 20:33:24 +0000 2018,"RT @CNNnewsroom: ""People generally don't like government shutdowns, so if you're thinking about it, how about after the election?"" @GloriaB‚Ä¶",-0.2755,0.1,0.9,0.0,53
CNN,Tue Jul 31 20:31:32 +0000 2018,"In opening statements for the defense, Paul Manafort's defense attorney laid out the bare bones of his side of the‚Ä¶ https://t.co/clIUP2D05P",0.25,0.0,0.864,0.136,54
CNN,Tue Jul 31 20:21:58 +0000 2018,"When CNN asked LeBron James if he would ever run for office, at first he said, ‚ÄúI don‚Äôt think so.‚Äù But when pressed‚Ä¶ https://t.co/PRZP6rylzh",0.0,0.0,1.0,0.0,55
CNN,Tue Jul 31 20:06:27 +0000 2018,"To demonstrate former Trump campaign chairman Paul Manafort's lavish spending habits, Uzo Asonye, a prosecutor work‚Ä¶ https://t.co/EAC9Gdcbyo",0.0,0.0,1.0,0.0,56
CNN,Tue Jul 31 19:58:10 +0000 2018,"In opening statements, prosecutors painted former Trump campaign chairman Paul Manafort as a ""shrewd"" liar who orch‚Ä¶ https://t.co/oIYuC3dO40",-0.5106,0.171,0.829,0.0,57
CNN,Tue Jul 31 19:50:52 +0000 2018,The $4.5 trillion experiment that's rattling markets https://t.co/A74OkDANA3 https://t.co/1N7dhKagWL,0.0,0.0,1.0,0.0,58
CNN,Tue Jul 31 19:39:20 +0000 2018,RT @AC360: Parkland shooting survivor @davidhogg111 joins @AndersonCooper on #fullcircle tonight to talk 3D guns. Join us at 6.25pET on Fac‚Ä¶,0.5719,0.0,0.802,0.198,59
CNN,Tue Jul 31 19:35:06 +0000 2018,An online college textbook says Holocaust victims failed to tap into their strength. It's required reading for near‚Ä¶ https://t.co/UJEgJAPfWs,-0.34,0.226,0.645,0.129,60
CNN,Tue Jul 31 19:25:07 +0000 2018,Donald Trump just made John Kelly a promise he (almost certainly) won't keep | Analysis by @CillizzaCNN‚Ä¶ https://t.co/NovxPZd4cG,0.3182,0.0,0.867,0.133,61
CNN,Tue Jul 31 19:15:46 +0000 2018,The Koch network begins to envision a future beyond its founder https://t.co/K6japTtzPK https://t.co/ta2yYMKM01,0.0,0.0,1.0,0.0,62
CNN,Tue Jul 31 19:09:29 +0000 2018,"If you ever encounter a fast-moving wildfire, the choices you make could help save your life. Here's what experts s‚Ä¶ https://t.co/kVyNmyxHKx",0.7096,0.0,0.753,0.247,63
CNN,Tue Jul 31 18:54:03 +0000 2018,Jennifer Lopez will receive The Michael Jackson Video Vanguard Award at the MTV Video Music Awards next month‚Ä¶ https://t.co/7NwIKm2Ovy,0.7579,0.0,0.723,0.277,64
CNN,Tue Jul 31 18:48:36 +0000 2018,Department of Homeland Security Secretary Kirstjen Nielsen announces new efforts to defend against cyberattacks‚Ä¶ https://t.co/udHwJFv5Fs,0.34,0.0,0.854,0.146,65
CNN,Tue Jul 31 18:44:10 +0000 2018,RT @cnnbrk: A jury of six men and six women has been sworn in and opening statements will begin soon in the criminal trial of Paul Manafort‚Ä¶,-0.5267,0.12,0.88,0.0,66
CNN,Tue Jul 31 18:38:25 +0000 2018,The Trump administration has suspended a benefit that allows Rwanda to export clothing to the US without facing tar‚Ä¶ https://t.co/6MvJ5mcpVf,-0.0258,0.134,0.736,0.13,67
CNN,Tue Jul 31 18:33:00 +0000 2018,A 10-year-old named Clark Kent just beat a record that Michael Phelps held for 23 years https://t.co/h8fec2cSss https://t.co/7a5x5W6XXr,0.0,0.0,1.0,0.0,68
CNN,Tue Jul 31 18:26:24 +0000 2018,"A jury has been sworn in for the trial of former Trump campaign chairman Paul Manafort. https://t.co/S506Zjsv9r

Fo‚Ä¶ https://t.co/yTMMU62OGg",0.0,0.0,1.0,0.0,69
CNN,Tue Jul 31 18:14:35 +0000 2018,"Procter &amp; Gamble is raising prices for Pampers, Charmin, Bounty, and Puffs https://t.co/nHrRCpUSLS https://t.co/nEPCNpJJ62",0.0,0.0,1.0,0.0,70
CNN,Tue Jul 31 18:03:12 +0000 2018,MoviePass is raising its price and cutting access to blockbusters https://t.co/lkyC69jF9f,-0.128,0.13,0.87,0.0,71
CNN,Tue Jul 31 17:50:39 +0000 2018,A man cheated with someone else's wife and now it'll cost him $8.8 million https://t.co/VQxE1p4lRC,-0.5106,0.202,0.798,0.0,72
CNN,Tue Jul 31 17:38:07 +0000 2018,Americans invested a lot more money overseas in 2017. Especially in Switzerland. https://t.co/XQ9lCzxQGl https://t.co/x7nJ4i6y0i,0.0,0.0,1.0,0.0,73
CNN,Tue Jul 31 17:25:15 +0000 2018,Judge orders government to stop drugging detained migrant children without consent at Texas facility https://t.co/FKZsz4MQ0r,-0.6774,0.354,0.646,0.0,74
CNN,Tue Jul 31 17:11:52 +0000 2018,"John Kelly, at President Trump's request, agrees to stay on as White House chief of staff until 2020‚Ä¶ https://t.co/ASYBSPr27C",0.2023,0.0,0.909,0.091,75
CNN,Tue Jul 31 17:00:10 +0000 2018,"Facebook says it has removed a network of accounts and pages involved in what it called ""coordinated inauthentic be‚Ä¶ https://t.co/uE2nRqayG3",0.0,0.0,1.0,0.0,76
CNN,Tue Jul 31 16:48:36 +0000 2018,"Customers got sick at a Chipotle in Ohio, and the stock is down 6% https://t.co/jp9trfSmiq https://t.co/GdYmiRmvcw",-0.5106,0.191,0.809,0.0,77
CNN,Tue Jul 31 16:36:37 +0000 2018,Missouri's attorney general has opened a criminal investigation in deadly duck boat accident https://t.co/mcu78lHDeg,-0.7579,0.371,0.629,0.0,78
CNN,Tue Jul 31 16:22:54 +0000 2018,How a small change in tax policy could mean a big tax cut for the rich https://t.co/4TNlVujS18,0.3612,0.112,0.695,0.193,79
CNN,Tue Jul 31 16:08:26 +0000 2018,"Demi Lovato is experiencing ""complications"" and remains hospitalized following her apparent drug overdose, two sour‚Ä¶ https://t.co/ONbsW4e6dR",0.0,0.0,1.0,0.0,80
CNN,Tue Jul 31 15:55:54 +0000 2018,Former White House aide predicts a showdown over border wall in December https://t.co/OVQP4EvRIV,0.0,0.0,1.0,0.0,81
CNN,Tue Jul 31 15:43:02 +0000 2018,MoviePass is raising its price and cutting access to blockbusters https://t.co/xhT0ok50fE,-0.128,0.13,0.87,0.0,82
CNN,Tue Jul 31 15:30:36 +0000 2018,Al Franken hasn't ruled out another run for office https://t.co/XfCNRa1M4d https://t.co/Tf88oPsXPO,0.0,0.0,1.0,0.0,83
CNN,Tue Jul 31 15:20:24 +0000 2018,France has banned smartphones from schools https://t.co/ACV6lKRkQZ https://t.co/eZUJ5LUKsf,-0.4588,0.3,0.7,0.0,84
CNN,Tue Jul 31 15:10:12 +0000 2018,Trump administration officials face Congress on family reunification efforts https://t.co/1lMdsSpdKr https://t.co/6Dynesamoe,0.0,0.0,1.0,0.0,85
CNN,Tue Jul 31 15:03:06 +0000 2018,Police are investigating a South Korean company that claimed to have discovered a sunken Russian warship with $8.9‚Ä¶ https://t.co/1BVhPpIOF0,-0.1779,0.096,0.904,0.0,86
CNN,Tue Jul 31 14:56:00 +0000 2018,The trial of former Trump campaign chairman Paul Manafort begins today with jury selection https://t.co/a7C8kgzqSE,0.0,0.0,1.0,0.0,87
CNN,Tue Jul 31 14:45:33 +0000 2018,"Scientists have discovered a rare dolphin-whale hybrid off the coast of Kauai, Hawaii https://t.co/wKMmnNBMu2 https://t.co/qOwAhrAtfN",0.0,0.0,1.0,0.0,88
CNN,Tue Jul 31 14:39:18 +0000 2018,The secret Donald Trump and Rudy Giuliani know about the Russia probe | Analysis by Chris Cillizza‚Ä¶ https://t.co/m8gWSDG6cg,0.0,0.0,1.0,0.0,89
CNN,Tue Jul 31 14:33:12 +0000 2018,"A Florida woman says ambulance workers wouldn't take her daughter to the hospital, assuming the family couldn't aff‚Ä¶ https://t.co/q9kE7A8CGI",0.0,0.0,1.0,0.0,90
CNN,Tue Jul 31 14:26:29 +0000 2018,"LeBron James says he thinks the President is using athletics, and athletes, to divide the country -- and that's som‚Ä¶ https://t.co/aIhDcg2Y69",0.0,0.0,1.0,0.0,91
CNN,Tue Jul 31 14:01:48 +0000 2018,"The company that just unveiled a $2 million electric car makes one for $11,000, too https://t.co/IkwJRH0QBO",0.0,0.0,1.0,0.0,92
CNN,Tue Jul 31 13:48:38 +0000 2018,How President Trump's abortion gag rule policy impacts the global AIDS crisis https://t.co/KKHNredsZ5 https://t.co/tTw6pxcIbz,-0.7579,0.351,0.649,0.0,93
CNN,Tue Jul 31 13:36:36 +0000 2018,"Demi Lovato is experiencing ""complications"" and remains hospitalized following her apparent drug overdose, two sour‚Ä¶ https://t.co/wVTV155BgI",0.0,0.0,1.0,0.0,94
CNN,Tue Jul 31 13:27:42 +0000 2018,Airport security might be about to get a lot easier https://t.co/igSexVVb2h,0.6369,0.0,0.606,0.394,95
CNN,Tue Jul 31 13:16:04 +0000 2018,Alan Alda reveals he has Parkinson's disease https://t.co/SPSvYGdBeJ https://t.co/exeyWx97ES,0.0,0.0,1.0,0.0,96
CNN,Tue Jul 31 13:04:06 +0000 2018,"President Trump says 3-D printed guns being available to download ""doesn't seem to make much sense""‚Ä¶ https://t.co/OGemtFyhcc",0.0,0.0,1.0,0.0,97
CNN,Tue Jul 31 12:55:27 +0000 2018,Track the latest developments in the trials of former Trump campaign chairman Paul Manafort https://t.co/0X26XJSqWF https://t.co/sorCOl1f8h,0.0,0.0,1.0,0.0,98
CNN,Tue Jul 31 12:43:03 +0000 2018,"President Trump repeats Rudy Giuliani defense that ""collusion is not a crime,"" even though he continues to deny any‚Ä¶ https://t.co/v4jQ2XGmb2",-0.2263,0.115,0.813,0.072,99
Fox,Wed Aug 01 02:18:01 +0000 2018,@benschwarz nooo pressure whatsoever,-0.296,0.423,0.577,0.0,0
Fox,Wed Aug 01 02:03:31 +0000 2018,That moment when a white guy says ‚Äùthere aren‚Äôt many women developers‚Äù and you cross eyes with any other woman in t‚Ä¶ https://t.co/033oMUbEl8,0.0,0.0,1.0,0.0,1
Fox,Wed Aug 01 01:53:15 +0000 2018,@Mandy_Kerr the winds have been gracious,0.5574,0.0,0.581,0.419,2
Fox,Tue Jul 31 23:27:35 +0000 2018,@soxyface thank you! I‚Äôm hydrating ‚õ≤Ô∏è,0.4199,0.0,0.642,0.358,3
Fox,Tue Jul 31 22:58:07 +0000 2018,"I‚Äôll be speaking at @webdirections Code Leaders today at 3.30pm (if I don‚Äôt lose my voice in the meantime üòÇü§ß).

Com‚Ä¶ https://t.co/oh0yLrEE0F",-0.4019,0.119,0.881,0.0,4
Fox,Thu Jul 19 22:21:10 +0000 2018,One of the reasons I‚Äôm so excited to be a part of @helpscout is the commitment to building an inclusive culture wit‚Ä¶ https://t.co/6H6GDJ1TON,0.6924,0.0,0.778,0.222,5
Fox,Wed Jul 11 21:30:06 +0000 2018,More Boston snaps. https://t.co/NCcWPSV8yX,0.0,0.0,1.0,0.0,6
Fox,Mon Jul 09 23:35:49 +0000 2018,"RT @helpscout: Said it once, we'll keep saying it: we are thrilled to add you to the team @fox! ü¶ä https://t.co/bKc6GSq6tR",0.4926,0.0,0.856,0.144,7
Fox,Mon Jul 09 20:12:02 +0000 2018,"@mattopsahl lol, offensive",-0.0516,0.441,0.147,0.412,8
Fox,Mon Jul 09 19:43:29 +0000 2018,"@tompedals yay, hello, hi! üëãüèª",0.5707,0.0,0.52,0.48,9
Fox,Mon Jul 09 19:43:13 +0000 2018,"@madalynrose thanks, Madalyn. üíñ",0.4404,0.0,0.408,0.592,10
Fox,Mon Jul 09 19:43:04 +0000 2018,"@andymcmillan weee, thank you!!",0.4738,0.0,0.493,0.507,11
Fox,Mon Jul 09 19:42:56 +0000 2018,@jennwrites üíñüíñüíñ,0.0,0.0,1.0,0.0,12
Fox,Mon Jul 09 19:42:42 +0000 2018,@paulozoom thank you! it is awesome :),0.8718,0.0,0.288,0.712,13
Fox,Mon Jul 09 19:42:27 +0000 2018,@brianloveswords thank you üôáüèª‚Äç‚ôÄÔ∏è,0.3612,0.0,0.545,0.455,14
Fox,Mon Jul 09 19:42:10 +0000 2018,"@patrickhamann thanks, Patrick! üíñ",0.4926,0.0,0.385,0.615,15
Fox,Mon Jul 09 19:41:56 +0000 2018,@lynnandtonic thank you and I will miss you!,0.2942,0.17,0.532,0.297,16
Fox,Mon Jul 09 17:17:20 +0000 2018,"@patrickbjohnson nah, only here for a week. travelling alone so don‚Äôt want to make it a very long trip (hashtag anx‚Ä¶ https://t.co/sdzeg7AUmr",-0.2075,0.155,0.773,0.072,17
Fox,Mon Jul 09 17:06:00 +0000 2018,"@lrnrd thanks, bb üíñ",0.4404,0.0,0.408,0.592,18
Fox,Mon Jul 09 13:04:47 +0000 2018,"@jstn Oh yeah, Coava, Stumptown and Good Coffee are my long standing favs!",0.6588,0.0,0.671,0.329,19
Fox,Mon Jul 09 13:00:00 +0000 2018,"I‚Äôm so spoiled by Melbourne standards I literally cannot drink this liquid that was just served to me as coffee

üòÇüíÄ",0.0,0.0,1.0,0.0,20
Fox,Mon Jul 09 12:42:20 +0000 2018,"I‚Äôm excited to share that today is my first day at @helpscout as a front-end engineer on the design team, which is‚Ä¶ https://t.co/LrW8L2lBcq",0.5574,0.0,0.813,0.187,21
Fox,Mon Jul 09 08:03:22 +0000 2018,"Here lies Karolina, defeated by jetlag after mere three hours of sleep.",-0.7096,0.371,0.629,0.0,22
Fox,Sun Jul 08 19:48:49 +0000 2018,@andrewvijay Everywhere to be honest. That particular one was in the US. That mostly doesn‚Äôt happen in Australia.,0.5106,0.0,0.837,0.163,23
Fox,Sun Jul 08 19:48:11 +0000 2018,@mctrebo Boston,0.0,0.0,1.0,0.0,24
Fox,Sun Jul 08 19:45:15 +0000 2018,"@LukesBeard It‚Äôs the most annoying thing that all social media, including Instagram, butchers the quality of photos‚Ä¶ https://t.co/7y8A7IuLcT",-0.4576,0.15,0.85,0.0,25
Fox,Sun Jul 08 19:06:16 +0000 2018,"‚ÄúPerks‚Äù of traveling alone as a woman: being called ‚Äúhoney‚Äù in all restaurants/stores, being grabbed by the arm by‚Ä¶ https://t.co/ziCifcCI2x",-0.25,0.1,0.9,0.0,26
Fox,Sun Jul 08 17:39:19 +0000 2018,@mattopsahl Oh! I did go to the Boston Common and Public Garden :) will check it out!,0.555,0.0,0.807,0.193,27
Fox,Sun Jul 08 17:37:47 +0000 2018,@amyngyn tbh I specifically look for ‚Äúhealthy‚Äù recipes because I don‚Äôt want all of the sugar / butter / cream in my‚Ä¶ https://t.co/tEki0zBt8v,0.0772,0.0,0.933,0.067,28
Fox,Sun Jul 08 17:34:51 +0000 2018,"Horribly jet lagged and battling anxiety, but Boston sure is pretty. ‚ù§Ô∏è https://t.co/IYfWZjvqLe",0.5499,0.32,0.334,0.346,29
Fox,Sat Jul 07 15:23:42 +0000 2018,@jilljubs Omg me too but I‚Äôm also afraid,0.0,0.0,1.0,0.0,30
Fox,Fri Jul 06 23:22:17 +0000 2018,"Excited to be going to @xoxo this year with @benschwarz! Portland holds a dear place in my heart. 

Can‚Äôt wait to c‚Ä¶ https://t.co/7s7h3Ti8sp",0.6476,0.0,0.791,0.209,31
Fox,Fri Jul 06 23:06:03 +0000 2018,MEL ‚úàÔ∏è LAX ‚úàÔ∏è BOS,0.0,0.0,1.0,0.0,32
Fox,Thu Jul 05 07:54:19 +0000 2018,"@LJKenward @LukeMesiti You both will do great, I‚Äôll be cheering you from a transatlantic flight. üíêüòá",0.8126,0.0,0.637,0.363,33
Fox,Thu Jul 05 00:18:14 +0000 2018,Jeremy was one of our @cssconfau speakers this year and I cannot recommend him more as a developer with a deep pass‚Ä¶ https://t.co/nHFHIPQXtM,-0.2755,0.1,0.9,0.0,34
Fox,Wed Jul 04 00:40:38 +0000 2018,RT @KD: Serena Williams has been drug tested more than all the top five American male athletes and 2x more than top American female athlete‚Ä¶,0.3818,0.0,0.865,0.135,35
Fox,Wed Jul 04 00:15:15 +0000 2018,Great post with actionable advice on user protection in hostile states. https://t.co/LKkLVIx3J4,0.3612,0.156,0.599,0.246,36
Fox,Wed Jul 04 00:11:33 +0000 2018,"@stewartsc hahaha, can‚Äôt make this more perfect, really.",0.8221,0.0,0.441,0.559,37
Fox,Wed Jul 04 00:09:55 +0000 2018,"@Stammy That‚Äôs super comprehensive, thank you for sharing!",0.8883,0.0,0.258,0.742,38
Fox,Wed Jul 04 00:08:19 +0000 2018,"@TimHaines people like that never want to understand, he conveniently blocked all women pointing his wrongness out‚Ä¶ https://t.co/cCe4XNNzfh",0.0459,0.16,0.72,0.12,39
Fox,Tue Jul 03 23:57:36 +0000 2018,"RT @sarahmei: The biggest barrier to entry in software for non-white-men has never been credentials or knowledge or even experience. 

It‚Äôs‚Ä¶",-0.128,0.07,0.93,0.0,40
Fox,Tue Jul 03 09:45:32 +0000 2018,"And here‚Äôs the tweet for posterity. Also, if you had any doubts, the author is fine conversing with other men and q‚Ä¶ https://t.co/ek0D1YV8We",-0.1027,0.088,0.84,0.072,41
Fox,Tue Jul 03 09:44:18 +0000 2018,"@karmel80 lol, I can‚Äôt even",0.4215,0.0,0.517,0.483,42
Fox,Tue Jul 03 09:06:17 +0000 2018,@Firesphere Sorry but I don‚Äôt want to engage on twitter in that way anymore.,0.5267,0.073,0.637,0.29,43
Fox,Tue Jul 03 09:03:13 +0000 2018,In case you have any doubts the dude already blocked me because that‚Äôs how privilege deals with anything‚Äôs that‚Äôs uncomfortable. ‚úåÔ∏èüòé,-0.5267,0.261,0.644,0.095,44
Fox,Tue Jul 03 08:32:36 +0000 2018,"A lesson to learn here is that if you choose to look away and ignore oppression, IT WILL BE MAGNIFIED BY YOUR COMPL‚Ä¶ https://t.co/7yNNGSa6LW",-0.3612,0.102,0.898,0.0,45
Fox,Tue Jul 03 08:28:42 +0000 2018,"Additionally, using ‚Äûsexy industry‚Äù to describe tech is just another example of sexualisation that women will conti‚Ä¶ https://t.co/rFgRgfZR7f",0.0,0.0,1.0,0.0,46
Fox,Tue Jul 03 08:27:09 +0000 2018,"He could just really look at his own employer, Uber, to learn about the inclusion and moral crisis that tech is cur‚Ä¶ https://t.co/I3W252jNqe",-0.6249,0.157,0.843,0.0,47
Fox,Tue Jul 03 08:24:21 +0000 2018,"I‚Äôm not going any further, because the evidence is there for those who are willing to look for it instead of trying‚Ä¶ https://t.co/gmd1QdIfJE",0.0,0.0,1.0,0.0,48
Fox,Tue Jul 03 08:22:45 +0000 2018,"A good place to start would be to familiarise yourself w/the @KaporCenter Tech Leavers study, portraying why people‚Ä¶ https://t.co/McD9ZnlGXf",0.4404,0.0,0.854,0.146,49
Fox,Tue Jul 03 08:20:22 +0000 2018,"The sheer ignorance of white male privilege portrayed in this tweet is a reason why there aren‚Äôt more people, espec‚Ä¶ https://t.co/BVSYqzUU0a",0.0,0.109,0.783,0.109,50
Fox,Tue Jul 03 08:05:37 +0000 2018,"@patriciarealini The echo chamber of white dudes seeing tech as easy runs deep, especially at Uber lol",0.7397,0.0,0.706,0.294,51
Fox,Tue Jul 03 04:49:02 +0000 2018,"RT @KimCrayton1: ‚ÄúWe need to destigmatize how we view and talk about privilege, and one of the best ways to do so is to raise awareness.‚Äú #‚Ä¶",0.7717,0.0,0.789,0.211,52
Fox,Tue Jul 03 04:32:54 +0000 2018,We cannot succeed at making the Web that‚Äôs welcoming towards everyone if the platform is built by the few with enou‚Ä¶ https://t.co/scB1iuvgaJ,0.0701,0.103,0.783,0.114,53
Fox,Tue Jul 03 04:32:32 +0000 2018,"RT @Kolor_Koded_101: If you don't understand why more folks don't consider careers in tech despite ""low"" barriers to entry, great pay and b‚Ä¶",0.5719,0.053,0.792,0.155,54
Fox,Tue Jul 03 04:32:19 +0000 2018,"RT @missydepino: Important facts for white allies:

If you are white, 93% of your social network is white. 

White social media users only‚Ä¶",0.2023,0.0,0.924,0.076,55
Fox,Tue Jul 03 03:20:06 +0000 2018,RT @MelissaStetten: The University of Well Actually. https://t.co/nZ5NuXiVRn,0.2732,0.0,0.769,0.231,56
Fox,Tue Jul 03 02:32:06 +0000 2018,I strongly recommend reading the recent State of Black America report that highlights disparities in White-Black an‚Ä¶ https://t.co/xPMjqauW2e,0.5574,0.0,0.765,0.235,57
Fox,Tue Jul 03 02:24:43 +0000 2018,Doing legitimate research for my talk about tech ethics. https://t.co/TDWpxWVyU4,0.0,0.0,1.0,0.0,58
Fox,Tue Jul 03 01:37:12 +0000 2018,"@bradleyfields awesome! That‚Äôs great to hear. I‚Äôd mostly use it for writing and reading, maybe some presentations i‚Ä¶ https://t.co/8lw5cJJ5dC",0.8588,0.0,0.667,0.333,59
Fox,Tue Jul 03 01:30:46 +0000 2018,Developer Twitter in a nutshell. https://t.co/bViM2EWxTv,0.0,0.0,1.0,0.0,60
Fox,Tue Jul 03 01:27:13 +0000 2018,"@glenngillen yeah, I wouldn‚Äôt use it for work. I have a personal iMac, will have a work MacBook so want this mostly‚Ä¶ https://t.co/1DpI2lNqf1",0.4481,0.0,0.812,0.188,61
Fox,Tue Jul 03 01:18:36 +0000 2018,I‚Äôm considering getting rid of my Macbook and using an iPad Pro for writing + travel (mostly non-work related). If‚Ä¶ https://t.co/ioOtzJxM2V,0.0,0.0,1.0,0.0,62
Fox,Mon Jul 02 23:18:55 +0000 2018,".@mylifeasalllly has spoken at @cssconfau 2016, and I strongly recommend you hire her if you‚Äôre looking for a front‚Ä¶ https://t.co/RSUDyoP7h4",0.5574,0.0,0.777,0.223,63
Fox,Mon Jul 02 23:15:52 +0000 2018,"@LukesBeard omg, these are so great! also, love her outfit üòç",0.9,0.0,0.445,0.555,64
Fox,Mon Jul 02 23:10:08 +0000 2018,"@soniagupta504 ü§¶üèª‚Äç‚ôÄÔ∏èüò°

I don‚Äôt know how not to be ashamed for whiteness anymore, to be honest.",0.7054,0.0,0.69,0.31,65
Fox,Mon Jul 02 06:58:47 +0000 2018,"RT @DelilahSDawson: Twitter, 2009: You followed me? Wow! I'll follow you, too! We'll be buddies! In the trenches! Hey, that lady said a sma‚Ä¶",0.7156,0.0,0.816,0.184,66
Fox,Mon Jul 02 06:33:24 +0000 2018,"@Mandy_Kerr @kylietimpani please tell me how to have a great time at the airport, I will be needing this advice soon üòÇ",0.7506,0.0,0.726,0.274,67
Fox,Mon Jul 02 06:30:21 +0000 2018,Humans author software and design with conscious and unknown biases baked in. Their prejudice and lack of education‚Ä¶ https://t.co/sr8nCyi5WX,-0.6808,0.248,0.752,0.0,68
Fox,Mon Jul 02 05:13:27 +0000 2018,RT @ICSandwichGuy: https://t.co/n6lOb7f6g8,0.0,0.0,1.0,0.0,69
Fox,Mon Jul 02 02:51:31 +0000 2018,The European Group on Ethics in Science and New Technologies has been publishing reports on ethics since the early‚Ä¶ https://t.co/F24DhJdhVT,0.0,0.0,1.0,0.0,70
Fox,Mon Jul 02 02:47:28 +0000 2018,"Ethical principles for technology:

‚Üí Human dignity
‚Üí Autonomy
‚Üí Responsibility
‚Üí Justice, equity, &amp; solidarity
‚Üí D‚Ä¶ https://t.co/NaXjoluxhv",0.891,0.0,0.463,0.537,71
Fox,Mon Jul 02 02:11:12 +0000 2018,"@omosolatweets üò°üò°üò°

This makes me very angry. Shared!",-0.2975,0.309,0.478,0.213,72
Fox,Mon Jul 02 02:10:35 +0000 2018,"What the living hell @TOABerlin? 

Do you sell photos of your attendees and/or allow press to use them however they‚Ä¶ https://t.co/YkEMfHlZUE",-0.5719,0.18,0.745,0.075,73
Fox,Mon Jul 02 02:04:16 +0000 2018,@meelijane üò°,0.0,0.0,1.0,0.0,74
Fox,Mon Jul 02 02:04:04 +0000 2018,RT @omosolatweets: It recently came to my attention that an image of myself &amp; three other female attendees from a break during the @TOABerl‚Ä¶,0.0,0.0,1.0,0.0,75
Fox,Sun Jul 01 22:52:03 +0000 2018,"@Mandy_Kerr Thank you, Mandy. üòáüíê",0.3612,0.0,0.615,0.385,76
Fox,Sat Jun 30 11:22:36 +0000 2018,"All white people should watch W. Kamau Bell‚Äôs newest stand up, ‚ÄúPrivate School Negro‚Äù immediately.

https://t.co/nzCFNCj5Kh",0.0,0.0,1.0,0.0,77
Fox,Sat Jun 30 08:19:58 +0000 2018,"These are only a few things I do on a daily basis. 

If you‚Äôre a man, consider how women perpetually live in fear a‚Ä¶ https://t.co/Kmhe4XISP2",-0.4939,0.138,0.862,0.0,78
Fox,Sat Jun 30 08:18:20 +0000 2018,"8) when I can‚Äôt avoid confrontation, I‚Äôm polite and try to find excuses to not give them what they want (eg a phone‚Ä¶ https://t.co/iJX8dOQawo",-0.0772,0.169,0.674,0.157,79
Fox,Sat Jun 30 08:09:27 +0000 2018,5) when I sense someone creepily following me I don‚Äôt engage. I walk faster with my phone out and look for other pe‚Ä¶ https://t.co/dPqzY7bpld,0.34,0.0,0.893,0.107,80
Fox,Sat Jun 30 08:07:33 +0000 2018,"1) I don‚Äôt walk with headphones on after dark.
2) I don‚Äôt choose badly lit side streets; I stick to main roads with‚Ä¶ https://t.co/VrJV74cCtB",-0.4767,0.134,0.866,0.0,81
Fox,Sat Jun 30 08:04:10 +0000 2018,"I had a conversation with a few women about perosnal safety recently and we, sadly, pretty much shared the same str‚Ä¶ https://t.co/sU41H06OqF",0.6808,0.107,0.573,0.321,82
Fox,Sat Jun 30 08:01:57 +0000 2018,@janeruffino Mental illness has become a free getaway card for violent white men. It also stigmatizes mental health‚Ä¶ https://t.co/exEW21yI3f,-0.5106,0.265,0.602,0.133,83
Fox,Sat Jun 30 04:43:58 +0000 2018,"If Silicon Valley diversity and inclusion initiatives are achieving any results, it‚Äôs sadly mostly affecting only w‚Ä¶ https://t.co/qQZAzUarvu",-0.4215,0.141,0.859,0.0,84
Fox,Sat Jun 30 04:41:52 +0000 2018,@linzlovesyou ü§¶üèª‚Äç‚ôÄÔ∏è no no no no,-0.7783,0.815,0.185,0.0,85
Fox,Sat Jun 30 04:34:22 +0000 2018,RT @rightsagenda: Watch our @DanielHRLC's address to the UN Human Rights Council last night about the Turnbull Government's deliberate dest‚Ä¶,0.0,0.0,1.0,0.0,86
Fox,Sat Jun 30 04:31:26 +0000 2018,@kylietimpani I feel so seen,0.0,0.0,1.0,0.0,87
Fox,Sat Jun 30 02:11:57 +0000 2018,"‚ÄûSurveillance is not only a means of watching or tracking, it is also a mechanism for social sorting.‚Äù

 ‚ÄîVirgina E‚Ä¶ https://t.co/INEmQdekvg",0.0,0.0,1.0,0.0,88
Fox,Sat Jun 30 02:01:27 +0000 2018,"@Gemma_Stiles thank you, Gemma! that‚Äôs very kind. üíñ",0.7569,0.0,0.435,0.565,89
Fox,Sat Jun 30 02:01:05 +0000 2018,"@corywheeler1 @jesslynnrose @samhouston thank you, y‚Äôall üòá üíê",0.3612,0.0,0.667,0.333,90
Fox,Sat Jun 30 00:57:09 +0000 2018,"One of the things that annoy the living hell out of me in SaaS is:

1) not sending monthly invoices via email
2) ch‚Ä¶ https://t.co/B3JmezlHoE",-0.8176,0.246,0.754,0.0,91
Fox,Fri Jun 29 23:54:44 +0000 2018,"I really love how @Xero rubs it in by charging for an additional month even after cancellation.

Horrifying service‚Ä¶ https://t.co/NTkwQGZSHi",0.2006,0.147,0.675,0.178,92
Fox,Fri Jun 29 23:52:30 +0000 2018,"The perpetuation of drinking in the tech industry, especially in professional settings like offices, meetups and co‚Ä¶ https://t.co/F1WptRlAaS",0.3612,0.0,0.872,0.128,93
Fox,Fri Jun 29 05:26:19 +0000 2018,"üë©üèª‚Äçüéì¬†More talk research: 

What prevents you from building ethical products and companies? 
What would empower you‚Ä¶ https://t.co/SzZNgJXz6g",0.5574,0.0,0.777,0.223,94
Fox,Fri Jun 29 05:10:55 +0000 2018,I‚Äôll be making it over to Perth in August to keynote @DDDPerth and talk about building a welcoming Web for everyone‚Ä¶ https://t.co/Y6BFKG7weE,0.4404,0.0,0.873,0.127,95
Fox,Thu Jun 28 23:10:43 +0000 2018,RT @notwaldorf: I made a music sequencer! In JavaScript! It even uses Machine Learning to try to match drums to a synth melody you create!‚Ä¶,0.0,0.0,1.0,0.0,96
Fox,Thu Jun 28 22:31:19 +0000 2018,"RT @anitasarkeesian: ""they're just words""
""you can't take a joke""
""you're just making it up""
""it's just boys being boys""
""it's just the way‚Ä¶",-0.2235,0.079,0.921,0.0,97
Fox,Thu Jun 28 04:47:58 +0000 2018,"Nowadays, the most significant performance wins for perceived speed, and user experience lay in web fonts and JavaS‚Ä¶ https://t.co/xtHruZgFnm",0.7233,0.0,0.737,0.263,98
Fox,Thu Jun 28 00:53:02 +0000 2018,"@mor10 Thank you for the recommendations! I have few others on my list as well, but didn‚Äôt manage to read 10+ books for one talk. üòÖ",0.3802,0.0,0.86,0.14,99
NYTimes,Wed Aug 01 02:17:03 +0000 2018,"RT @nytpolitics: Alex Jones, the founder of InfoWars, is seeking over $100,000 in court costs from the parents of Noah Pozner, who died at‚Ä¶",-0.5574,0.135,0.865,0.0,0
NYTimes,Wed Aug 01 02:02:03 +0000 2018,"A giant colony of 500,000 breeding pairs of king penguins has lost 90% of its population since 1982, according to a‚Ä¶ https://t.co/0R7powHbgN",-0.3182,0.103,0.897,0.0,1
NYTimes,Wed Aug 01 01:47:05 +0000 2018,"An artist transformed a Chinatown alley into a blocklong asphalt mural, as part of a NYC program to create art-fill‚Ä¶ https://t.co/3VcPPaHxsD",0.2732,0.0,0.89,0.11,2
NYTimes,Wed Aug 01 01:32:03 +0000 2018,New offices are being designed with a focus on the well-being of the people who work in them: ‚ÄúI definitely find my‚Ä¶ https://t.co/8gaAsG70i9,0.4019,0.0,0.886,0.114,3
NYTimes,Wed Aug 01 01:17:05 +0000 2018,RT @SominiSengupta: A city of empire and jazz and leftist rebels and trees pushing through the moldy old buildings. Now a city at profound‚Ä¶,-0.2023,0.079,0.921,0.0,4
NYTimes,Wed Aug 01 01:02:03 +0000 2018,Evening Briefing: Here's what you need to know at the end of the day https://t.co/DTKywb0jzZ,0.0,0.0,1.0,0.0,5
NYTimes,Wed Aug 01 00:47:04 +0000 2018,Is this the end for MoviePass? Here‚Äôs a timeline of company‚Äôs highs and lows. https://t.co/xh64zQTsx0,-0.2023,0.122,0.878,0.0,6
NYTimes,Wed Aug 01 00:32:04 +0000 2018,The Carr Fire is the largest of 17 wildfires now raging in California. It is heading west after tearing through Red‚Ä¶ https://t.co/Otc1u53Emt,-0.7003,0.225,0.775,0.0,7
NYTimes,Wed Aug 01 00:17:04 +0000 2018,"RT @nytimesbooks: BookTube: It's like YouTube, but for readers https://t.co/Dp9GOCjNZN",0.1901,0.0,0.837,0.163,8
NYTimes,Wed Aug 01 00:02:04 +0000 2018,Charles Koch and Donald Trump were never going to be friends. Here's why and how that is unnerving Republicans. https://t.co/pXGNF2Ss9z,0.4767,0.0,0.86,0.14,9
NYTimes,Tue Jul 31 23:47:02 +0000 2018,You shouldn't skip the opening credits. @poniewozik explains why.  https://t.co/FYgA4oXvJY,0.3612,0.0,0.783,0.217,10
NYTimes,Tue Jul 31 23:32:04 +0000 2018,"Aeromexico plane crashes in Mexico, but officials say everyone survived https://t.co/FtQeaCmjaS",0.6652,0.0,0.692,0.308,11
NYTimes,Tue Jul 31 23:17:03 +0000 2018,"RT @jdelreal: I‚Äôve been here in Redding, CA reporting on the horrific Carr Fire and the devastation it has left behind. There‚Äôs no filter o‚Ä¶",-0.8957,0.36,0.64,0.0,12
NYTimes,Tue Jul 31 23:02:01 +0000 2018,Evening Briefing: Here's what you need to know at the end of the day https://t.co/GQqBbeDBkS,0.0,0.0,1.0,0.0,13
NYTimes,Tue Jul 31 22:56:04 +0000 2018,RT @dougmillsnyt: .@realDonaldTrump greets a young supporter as he arrives in Tampa Florida for a MAGA campaign rally. https://t.co/y4Xyzlj‚Ä¶,0.4019,0.0,0.802,0.198,14
NYTimes,Tue Jul 31 22:44:45 +0000 2018,Breaking News: A plan to post blueprints online for how to make 3-D guns was temporarily blocked by a judge in Seat‚Ä¶ https://t.co/mWTjCK2pco,-0.2732,0.095,0.905,0.0,15
NYTimes,Tue Jul 31 22:32:02 +0000 2018,"The NBA announced that MGM Resorts International will be the league‚Äôs official gaming partner, the first partnershi‚Ä¶ https://t.co/yFi4bJrZW8",0.0,0.0,1.0,0.0,16
NYTimes,Tue Jul 31 22:16:05 +0000 2018,"RT @cliffordlevy: Some personal news:
I‚Äôm becoming editor of @nytmetro. I‚Äôm thrilled to have the opportunity to partner with the many aweso‚Ä¶",0.6908,0.0,0.778,0.222,17
NYTimes,Tue Jul 31 22:02:08 +0000 2018,Paul Manafort used the first day of his tax fraud trial to reveal his defense strategy: blaming his longtime busine‚Ä¶ https://t.co/nrGTWQPBwW,-0.7579,0.264,0.679,0.057,18
NYTimes,Tue Jul 31 21:47:07 +0000 2018,"RT @kimseverson: While Amazon and the big stores punch each other in the face, a tiny revolution in grocery shopping is bubbling up in smal‚Ä¶",0.1779,0.0,0.931,0.069,19
NYTimes,Tue Jul 31 21:32:04 +0000 2018,San Francisco officials want to ban new tech company cafeterias in an effort to revitalize local neighborhoods https://t.co/217l9Kiagr,-0.5106,0.172,0.766,0.062,20
NYTimes,Tue Jul 31 21:17:01 +0000 2018,"‚ÄúIt‚Äôs as if the Israeli people simply abandoned us. They say they didn‚Äôt. But according to the clauses of this law,‚Ä¶ https://t.co/AGVOSy4S9f",-0.4588,0.125,0.875,0.0,21
NYTimes,Tue Jul 31 21:00:11 +0000 2018,"In the Florida governor‚Äôs race, just one issue counts: President Trump. Here‚Äôs how the president and Fox News are t‚Ä¶ https://t.co/MnejyM2pjz",0.0,0.0,1.0,0.0,22
NYTimes,Tue Jul 31 20:45:08 +0000 2018,A former fraternity brother of the now-banned Beta Theta Pi chapter at Penn State University was sentenced to three‚Ä¶ https://t.co/Pcdeq9TCBa,-0.0258,0.058,0.942,0.0,23
NYTimes,Tue Jul 31 20:31:04 +0000 2018,"RT @nytimesarts: Klaus Biesenbach, the director of MoMA PS1, has been chosen to lead @MOCAlosangeles https://t.co/U3o9UL5Dtj",0.0,0.0,1.0,0.0,24
NYTimes,Tue Jul 31 20:15:10 +0000 2018,"President Trump said he‚Äôd be willing to talk to Iran‚Äôs leaders ‚Äúwithout preconditions.‚Äù
Those leaders say Trump can‚Ä¶ https://t.co/gb4tdNU3fV",0.0,0.0,1.0,0.0,25
NYTimes,Tue Jul 31 20:00:13 +0000 2018,"In March, China voted 2,958 to 2 to abolish a term limit for its top leader Xi Jinping. Now, nearly 5 months later,‚Ä¶ https://t.co/YwVBLsXDYS",0.2023,0.0,0.917,0.083,26
NYTimes,Tue Jul 31 19:45:10 +0000 2018,"In an effort to turn away from opioids, doctors are prescribing an injectable drug called Depo-Medrol. What they do‚Ä¶ https://t.co/LX6JfIukn2",0.0,0.0,1.0,0.0,27
NYTimes,Tue Jul 31 19:30:12 +0000 2018,TripAdvisor and the International Rescue Committee launched a new program ‚Äî¬†Welcome Home ‚Äî¬†to give recently resettl‚Ä¶ https://t.co/SA4fMdI6dO,0.7783,0.0,0.625,0.375,28
NYTimes,Tue Jul 31 19:15:09 +0000 2018,"Film Forum, a haven for foreign, indie and classic films, is reopening after a major renovation. 10 filmmakers look‚Ä¶ https://t.co/tJTr8QWKzl",0.0,0.0,1.0,0.0,29
NYTimes,Tue Jul 31 19:00:07 +0000 2018,Austin is renaming sites that honored Confederate soldiers. But the city is also contending with an uncomfortable t‚Ä¶ https://t.co/QPjeUCSbXs,0.296,0.111,0.726,0.162,30
NYTimes,Tue Jul 31 18:45:07 +0000 2018,"Nearly 70 clergy and lay people, including 3 bishops, are under investigation in Chile for cases involving sexual a‚Ä¶ https://t.co/Ld7UAieiuI",0.0,0.0,1.0,0.0,31
NYTimes,Tue Jul 31 18:30:15 +0000 2018,"The FDA told companies that offered ""vaginal rejuvenation"" laser treatments to stop marketing the procedure, saying‚Ä¶ https://t.co/nWtseTrRK6",-0.296,0.121,0.879,0.0,32
NYTimes,Tue Jul 31 18:15:11 +0000 2018,3 people were caught on surveillance video stealing a 16-inch-long horn shark from a Texas aquarium this weekend by‚Ä¶ https://t.co/gMTQDbYuCC,-0.5719,0.188,0.812,0.0,33
NYTimes,Tue Jul 31 18:00:18 +0000 2018,"A giant colony of 500,000 breeding pairs of king penguins has lost 90% of its population since 1982, according to a‚Ä¶ https://t.co/WWg5C2NbUN",-0.3182,0.103,0.897,0.0,34
NYTimes,Tue Jul 31 17:45:10 +0000 2018,"What you won't hear about at the Paul Manafort trial: Russia, or how jurors voted in 2016 https://t.co/vK8WDKTMWx",0.0,0.0,1.0,0.0,35
NYTimes,Tue Jul 31 17:30:09 +0000 2018,"RT @halophoenix: Today in Smarter Living, a few strategic upgrades to my tiny apartment bedroom turned it from a near-closet to a relaxing,‚Ä¶",0.4588,0.0,0.864,0.136,36
NYTimes,Tue Jul 31 17:15:04 +0000 2018,Workplaces can be weird sometimes. She can help. https://t.co/iAsalvIpjz,0.25,0.149,0.614,0.237,37
NYTimes,Tue Jul 31 17:05:08 +0000 2018,"In Opinion

Op-Ed columnist Frank Bruni writes, ""Manafort‚Äôs trial on bank- and tax-fraud charges, stemming from pol‚Ä¶ https://t.co/GZ3LKDmdJP",-0.2732,0.11,0.89,0.0,38
NYTimes,Tue Jul 31 16:50:03 +0000 2018,"Journalist Bob Woodward, famed for his coverage of Watergate, has a new book: ‚ÄúFear: Trump in the White House,‚Äù abo‚Ä¶ https://t.co/1YNipW8ctf",0.0,0.0,1.0,0.0,39
NYTimes,Tue Jul 31 16:35:04 +0000 2018,"RT @RaR: Local news is in crisis across the country, and New Jersey lawmakers want to try something once unthinkable: Putting up taxpayer m‚Ä¶",-0.5859,0.15,0.803,0.047,40
NYTimes,Tue Jul 31 16:21:57 +0000 2018,Breaking News: Facebook identified coordinated efforts using fake accounts to influence the midterm elections on is‚Ä¶ https://t.co/3b1qm1Cykf,-0.4767,0.162,0.838,0.0,41
NYTimes,Tue Jul 31 16:15:06 +0000 2018,"LeBron James started posting workout videos to Instagram, so now everybody is posting workout videos to Instagram https://t.co/mlnvIeYN7j",0.0,0.0,1.0,0.0,42
NYTimes,Tue Jul 31 16:00:18 +0000 2018,"""We are not going to run out of food ‚Äî this isn't about the return of rationing,"" said the director general of the‚Ä¶ https://t.co/f9mkWoLtwq",0.0,0.0,1.0,0.0,43
NYTimes,Tue Jul 31 15:50:05 +0000 2018,"President Trump and Senate Republicans are stacking federal appeals courts with young, conservative judges who, thr‚Ä¶ https://t.co/qgYI9V1nc3",0.0,0.0,1.0,0.0,44
NYTimes,Tue Jul 31 15:39:03 +0000 2018,Alda said he revealed he had Parkinson‚Äôs disease to encourage people to take action. ‚ÄúThe reason I want to talk abo‚Ä¶ https://t.co/GkJWcYkXeB,0.5574,0.0,0.805,0.195,45
NYTimes,Tue Jul 31 15:35:00 +0000 2018,Alda says he was prompted to ask his doctor for a scan after reading a 2015 New York Times article on Parkinson's d‚Ä¶ https://t.co/5IKSm9jPKP,0.0,0.0,1.0,0.0,46
NYTimes,Tue Jul 31 15:30:09 +0000 2018,‚ÄúM*A*S*H‚Äù actor Alan Alda revealed on CBS ‚ÄúThis Morning‚Äù that he has been living with Parkinson‚Äôs disease for over‚Ä¶ https://t.co/YM3OrHpeF7,0.0,0.0,1.0,0.0,47
NYTimes,Tue Jul 31 15:15:05 +0000 2018,"Police say a Connecticut man used dating apps to hunt women, including a nurse he met through Tinder who was murder‚Ä¶ https://t.co/0urSPaHbVx",0.0,0.0,1.0,0.0,48
NYTimes,Tue Jul 31 15:00:14 +0000 2018,"RT @nytimesworld: As British courts shifted their position on ending life support for patients in a persistent vegetative state, one campai‚Ä¶",0.4019,0.0,0.876,0.124,49
NYTimes,Tue Jul 31 14:45:05 +0000 2018,President Trump said he is ‚Äúlooking into‚Äù his administration‚Äôs decision to allow 3-D printed plastic guns capable o‚Ä¶ https://t.co/tlypNgVzCR,0.5423,0.0,0.791,0.209,50
NYTimes,Tue Jul 31 14:30:07 +0000 2018,President Trump's endorsements have influenced the outcomes of primaries across the country this year. Florida's Re‚Ä¶ https://t.co/2cURK5HiTO,0.0,0.0,1.0,0.0,51
NYTimes,Tue Jul 31 14:15:06 +0000 2018,"RT @jmartNYT: NEW: @adamputnam did everything right: UF, state house at 22, Congress at 26, where he became member of ldrshp, and then two‚Ä¶",0.0,0.0,1.0,0.0,52
NYTimes,Tue Jul 31 14:00:09 +0000 2018,"Your daily @DealBook Briefing:

‚Ä¢ Trump considers a huge tax cut for the rich¬†

‚Ä¢ Les Moonves stays at CBS (for now‚Ä¶ https://t.co/jllRY1baie",0.5859,0.084,0.68,0.236,53
NYTimes,Tue Jul 31 13:45:06 +0000 2018,Stephen Colbert stopped just short of saying that Les Moonves should resign as chief executive of CBS Corporation.‚Ä¶ https://t.co/Z6iX1Els9H,-0.5106,0.202,0.798,0.0,54
NYTimes,Tue Jul 31 13:30:08 +0000 2018,Water sloshes into their homes. The drains back up and overflow. The community tap is often contaminated. Dengue fe‚Ä¶ https://t.co/VzH5VsjKwp,0.0,0.0,1.0,0.0,55
NYTimes,Tue Jul 31 13:15:09 +0000 2018,"Leslie Cockburn, a Democratic congressional nominee in Virginia, accused her Republican opponent, Denver Riggleman,‚Ä¶ https://t.co/DhsqQ8OUEN",-0.296,0.145,0.855,0.0,56
NYTimes,Tue Jul 31 13:00:18 +0000 2018,Morning¬†Briefing: Here's what you need to know to start your day https://t.co/yXzPxyGrWM https://t.co/ujoZ35eDkI,0.0,0.0,1.0,0.0,57
NYTimes,Tue Jul 31 12:50:03 +0000 2018,"His mother ran toward him, her heart racing. ""I cried and hugged him ‚Äî but he didn't even care. He stood there froz‚Ä¶ https://t.co/ayzftsqX53",-0.5255,0.193,0.738,0.068,58
NYTimes,Tue Jul 31 12:40:06 +0000 2018,Gun control proponents and state officials are racing the clock to try to block blueprints to make guns from 3-D pr‚Ä¶ https://t.co/vYzZGwHmmd,-0.6486,0.209,0.791,0.0,59
NYTimes,Tue Jul 31 12:31:04 +0000 2018,The charges against Manafort do not involve any allegations that the Trump campaign conspired with Russians. Noneth‚Ä¶ https://t.co/cQ1xCQfCX5,-0.2732,0.11,0.89,0.0,60
NYTimes,Tue Jul 31 12:15:04 +0000 2018,Iran said that talks with the United States would be impossible under what it called the Trump administration‚Äôs hos‚Ä¶ https://t.co/AXaWkGExsj,0.4215,0.0,0.872,0.128,61
NYTimes,Tue Jul 31 11:44:07 +0000 2018,"Rudy Giuliani, a lawyer for President Trump, said in interviews that even if Trump did collude with the Russians, h‚Ä¶ https://t.co/6UXcXOC33b",0.0,0.0,1.0,0.0,62
NYTimes,Tue Jul 31 11:32:04 +0000 2018,"""Among everyone caught up in the #MeToo movement, only Mr. Moonves was so bold ‚Äî or so reckless ‚Äî as to start a civ‚Ä¶ https://t.co/bQKcrwxTOx",0.0959,0.114,0.759,0.128,63
NYTimes,Tue Jul 31 11:14:04 +0000 2018,Democrats are working on an election strategy for the 2018 midterms and beyond. It's one that deliberately sounds l‚Ä¶ https://t.co/z09yWVHDem,0.0,0.0,1.0,0.0,64
NYTimes,Tue Jul 31 11:00:12 +0000 2018,The Trump administration is considering bypassing Congress to give a $100 billion tax cut to the wealthy by changin‚Ä¶ https://t.co/D6cSehzLMU,0.1027,0.097,0.787,0.116,65
NYTimes,Tue Jul 31 10:46:00 +0000 2018,"A car ran down a group of touring cyclists in Tajikistan over the weekend, killing four people from the United Stat‚Ä¶ https://t.co/0exVlIKr0f",-0.3818,0.175,0.714,0.111,66
NYTimes,Tue Jul 31 10:30:04 +0000 2018,"Long lines of enthusiastic voters formed at polling stations in Zimbabwe on Monday, following a peaceful campaign w‚Ä¶ https://t.co/vJPQbnAGiO",0.7506,0.0,0.714,0.286,67
NYTimes,Tue Jul 31 10:16:03 +0000 2018,"""This is really frightening if this is the new normal,"" said an energy industry analyst in Norway https://t.co/suyqXeNVPk",-0.3384,0.162,0.741,0.097,68
NYTimes,Tue Jul 31 10:00:09 +0000 2018,Morning¬†Briefing: Here's what you need to know to start your day https://t.co/rOgwD44cHU https://t.co/xjkbXaoIbP,0.0,0.0,1.0,0.0,69
NYTimes,Tue Jul 31 09:43:05 +0000 2018,"""Stockpiling of food is not a practical response to a no-deal on Brexit and industry has not been approached by Gov‚Ä¶ https://t.co/Bm5r6AYqMR",0.0,0.0,1.0,0.0,70
NYTimes,Tue Jul 31 09:31:02 +0000 2018,Paul Manafort faces 32 charges of bank and tax fraud largely stemming from his work as a political consultant in Uk‚Ä¶ https://t.co/Vr8vlmfuWm,-0.7096,0.237,0.763,0.0,71
NYTimes,Tue Jul 31 09:14:05 +0000 2018,An actor‚Äôs suicide has rattled the cast of the hit musical ‚ÄúChicago‚Äù and raised thorny questions about workplace be‚Ä¶ https://t.co/PBmUjlSBix,-0.765,0.268,0.732,0.0,72
NYTimes,Tue Jul 31 09:00:03 +0000 2018,"Militants detonated a car bomb at a military checkpoint in the southern Philippine island of Basilan, killing at le‚Ä¶ https://t.co/2QZxATvCrY",-0.8225,0.322,0.678,0.0,73
NYTimes,Tue Jul 31 08:45:03 +0000 2018,RT @nytimesworld: Nuns in a convent breed endangered Mexican salamanders to make them into a cough syrup. They may be the only thing saving‚Ä¶,0.0,0.0,1.0,0.0,74
NYTimes,Tue Jul 31 08:33:04 +0000 2018,"This Italian town is known for its ceramics, but it hopes to become known as a center of suborbital flights https://t.co/I3WfNcpAlY",0.5719,0.0,0.837,0.163,75
NYTimes,Tue Jul 31 08:16:01 +0000 2018,RT @nytimesworld: At least 1.3 million people were deported to Auschwitz during World War II. About 1.1 million people died there. Fewer th‚Ä¶,-0.8176,0.263,0.737,0.0,76
NYTimes,Tue Jul 31 08:02:04 +0000 2018,The Trump administration is considering bypassing Congress to give a $100 billion tax cut to the wealthy by changin‚Ä¶ https://t.co/YSoWDGUkb0,0.1027,0.097,0.787,0.116,77
NYTimes,Tue Jul 31 07:47:02 +0000 2018,"RT @nytopinion: President Trump told Iowans ""farmers love me"" but many farmers think his trade war is a self-inflicted wound for the countr‚Ä¶",-0.5789,0.191,0.716,0.093,78
NYTimes,Tue Jul 31 07:32:04 +0000 2018,A vaccine scandal that has become one of the most visible public health crises in China in recent years https://t.co/rLBADLcPiP,-0.4404,0.139,0.861,0.0,79
NYTimes,Tue Jul 31 07:17:06 +0000 2018,Taking an organized tour of Nepal and Bhutan was supposed to make a complicated trip less daunting. But would it ma‚Ä¶ https://t.co/PRaXSscmJP,0.0,0.0,1.0,0.0,80
NYTimes,Tue Jul 31 07:02:00 +0000 2018,Many feel that a draft list of citizens released by the Indian government has disproportionately left off Muslims a‚Ä¶ https://t.co/P3reHBAAzR,0.0,0.0,1.0,0.0,81
NYTimes,Tue Jul 31 06:40:22 +0000 2018,Blue-collar workers at an Ohio factory said they support President Trump on tariffs regardless of the cost. ‚ÄúIf it‚Ä¶ https://t.co/lM3XSUlP49,0.4019,0.0,0.876,0.124,82
NYTimes,Tue Jul 31 06:22:36 +0000 2018,It's not just service dogs: Here's why management companies allow emotional-support animals in pet-free buildings https://t.co/kh5LpmC5Ub,0.2263,0.0,0.888,0.112,83
NYTimes,Tue Jul 31 06:04:37 +0000 2018,"Philippine Bombing Kills 10, Showing Insurgents Remain a Problem https://t.co/QumvhgCMds",-0.7351,0.47,0.53,0.0,84
NYTimes,Tue Jul 31 06:04:37 +0000 2018,"You know them from ‚ÄúKilling Eve,‚Äù ‚ÄúBarry,‚Äù and more. But here‚Äôs what your favorite TV stars were up to before they‚Ä¶ https://t.co/KRUk7tGbgl",0.4588,0.0,0.875,0.125,85
NYTimes,Tue Jul 31 05:48:21 +0000 2018,The proposed $100 billion bullet train to connect LA to San Francisco is the most ambitious public transportation p‚Ä¶ https://t.co/kLN3cUiryd,0.5256,0.0,0.848,0.152,86
NYTimes,Tue Jul 31 05:32:04 +0000 2018,RT @nytfood: This new pizza from @melissaclark is so good that you won‚Äôt mind turning on your oven to make it in the middle of summer https‚Ä¶,0.5777,0.0,0.874,0.126,87
NYTimes,Tue Jul 31 05:16:50 +0000 2018,Having trouble making financial decisions? Reframe thinking about money as a lifestyle choice. https://t.co/mtCFg1AK4I,-0.4019,0.184,0.816,0.0,88
NYTimes,Tue Jul 31 04:59:04 +0000 2018,"There is a growing trend in corporate America: CEOs branching out into activism. Just look at Starbucks, Dick‚Äôs and‚Ä¶ https://t.co/RQ5yID2qPH",0.1779,0.0,0.914,0.086,89
NYTimes,Tue Jul 31 04:42:03 +0000 2018,"RT @NYTHealth: Burning and scarring have been reported by women paying for ""vaginal rejuvenation"" treatments using lasers, prompting the FD‚Ä¶",0.0,0.0,1.0,0.0,90
NYTimes,Tue Jul 31 04:22:05 +0000 2018,RT @MitchKSmith: Minneapolis police officers won't face charges in the fatal shooting of Thurman Blevins. Prosecutors said Mr. Blevins was‚Ä¶,-0.3991,0.15,0.772,0.078,91
NYTimes,Tue Jul 31 04:02:02 +0000 2018,"Tom Cruise insists on doing his own stunts in ""Mission: Impossible."" Here are the 5 most dangerous stunts to pull o‚Ä¶ https://t.co/OgQeSrsFa3",-0.5256,0.145,0.855,0.0,92
NYTimes,Tue Jul 31 03:59:36 +0000 2018,Brexit Plans Raise Fears of Food Shortages and Jammed Ports https://t.co/7mJhhZB9og,-0.5267,0.328,0.672,0.0,93
NYTimes,Tue Jul 31 03:47:01 +0000 2018,Nuns in a convent breed endangered Mexican salamanders to make them into a cough syrup. They may be the only thing‚Ä¶ https://t.co/xKRpeiB8Fb,0.0,0.0,1.0,0.0,94
NYTimes,Tue Jul 31 03:32:05 +0000 2018,"With items that must always be in stock, new contracts and new corporate rules, the long-simmering tension between‚Ä¶ https://t.co/Nukqzw8KJ9",-0.3182,0.113,0.887,0.0,95
NYTimes,Tue Jul 31 03:17:02 +0000 2018,"RT @liamstack: It's here, people. The @NYTpolitics deep dive on alleged Bigfoot erotica. https://t.co/gmjaVyhk2h",0.0,0.0,1.0,0.0,96
NYTimes,Tue Jul 31 03:02:05 +0000 2018,"With 99 days to go until the November midterm election, the battleground in the fight for control of the House is s‚Ä¶ https://t.co/8KfEz9bLg9",-0.6486,0.202,0.798,0.0,97
NYTimes,Tue Jul 31 02:47:07 +0000 2018,"The climate is warming, but California's birds are finding ways to stay cool: ""Birds can manipulate all kinds of th‚Ä¶ https://t.co/DBBogfBH6o",0.5023,0.0,0.817,0.183,98
NYTimes,Tue Jul 31 02:32:02 +0000 2018,President Trump again threatened to shut down the federal government if Congress doesn't deliver on border security‚Ä¶ https://t.co/MLWtpdT6Tq,-0.4588,0.15,0.85,0.0,99
